id,request_id,product_sku,supplier,quantity,status,total_cost,expected_delivery,actual_delivery,created_at
1,214,PO-SY-0287,Peripheral Pros,95,shipped,45220,2025-11-13,,2025-11-02 18:15:45
2,837,GA-NI-0659,TechNova Pvt Ltd,95,delivered,2014475,2024-11-28,2024-11-28,2024-11-19 23:56:00
3,362,TA-MI-0286,TechWorld Pvt Ltd,98,in_transit,4667054,2025-11-30,,2025-11-19 13:29:15
4,627,MO-BE-0456,TechWorld Pvt Ltd,189,in_transit,2192022,2024-03-30,,2024-03-18 20:26:43
5,70,CA-ON-0285,SoundPro Solutions,67,in_transit,21909,2026-01-28,,2026-01-20 20:27:05
6,192,LA-DE-0211,TechWorld Pvt Ltd,60,delivered,6025140,2024-02-16,2024-02-15,2024-02-09 17:54:08
7,680,WE-HP-0205,DigiHub Electronics,108,delivered,1217808,2024-04-10,2024-04-11,2024-04-01 07:39:00
8,6,KE-KE-0787,CameraKing Distributors,35,delivered,306355,2025-06-12,2025-06-13,2025-06-02 20:03:38
9,972,TV-ON-0632,SmartLife Traders,57,delivered,5259162,2024-05-11,2024-05-12,2024-05-05 23:24:49
10,15,SM-GA-0002,SoundPro Solutions,43,delayed,1396296,2025-08-25,,2025-08-14 01:18:00
11,125,SM-OP-0147,TechWorld Pvt Ltd,89,delivered,3499836,2024-01-20,2024-01-25,2024-01-09 11:48:06
12,108,CA-SO-0731,SoundPro Solutions,142,delivered,4571122,2025-10-12,2025-10-14,2025-10-07 00:47:09
13,1058,ME-SO-0710,GadgetHub India,105,delayed,133875,2024-05-01,,2024-04-19 01:18:50
14,358,SP-SO-0554,AudioMax Distributors,156,shipped,4322604,2025-07-19,,2025-07-13 23:04:46
15,222,PO-AM-0623,Visionary Electronics,82,in_transit,205410,2024-04-02,,2024-03-27 07:15:13
16,940,SM-GO-0608,CameraKing Distributors,108,in_transit,2489400,2024-12-12,,2024-12-04 05:32:45
17,634,MO-LO-0611,SoundPro Solutions,86,shipped,276060,2025-11-17,,2025-11-12 15:51:29
18,1149,EA-BO-0225,ReadMore Supplies,51,in_transit,886533,2025-04-08,,2025-04-03 21:36:50
19,793,EA-ON-0551,AudioMax Distributors,80,delivered,958800,2024-11-11,2024-11-09,2024-10-28 08:44:36
20,306,RO-CI-0726,ReadMore Supplies,123,in_transit,153750,2025-02-23,,2025-02-09 07:43:02
21,1099,WE-CR-0388,CameraKing Distributors,76,shipped,396568,2024-05-27,,2024-05-16 05:57:16
22,724,RO-TP-0800,CameraKing Distributors,57,in_transit,521493,2025-01-16,,2025-01-04 08:09:26
23,54,ME-SO-0368,Peripheral Pros,18,draft,105570,2025-12-27,,2025-12-16 05:56:51
24,8,CA-AN-0639,SmartLife Traders,183,delivered,62037,2024-04-12,2024-04-17,2024-04-06 16:12:27
25,682,TV-SO-0014,SmartGear Traders,16,delivered,1346896,2025-09-10,2025-09-13,2025-09-04 18:39:05
26,271,CA-SO-0362,VisionTech Supplies,80,ordered,4307920,2025-03-28,,2025-03-19 02:08:11
27,191,HE-BE-0546,PowerTech Distributors,40,shipped,287080,2024-10-16,,2024-10-09 20:00:53
28,245,HE-SK-0678,SmartGear Traders,178,in_transit,1935216,2024-10-07,,2024-09-29 23:14:52
29,119,CA-SO-0455,SoundPro Solutions,12,delivered,1116516,2024-12-19,2024-12-24,2024-12-13 06:27:20
30,760,HE-JB-0304,AudioMax Distributors,58,delivered,670654,2026-01-14,2026-01-19,2026-01-06 10:09:56
31,981,CA-NI-0634,MobileMart Pvt Ltd,116,in_transit,6719764,2024-08-20,,2024-08-13 04:54:15
32,256,LA-MS-0015,AudioMax Distributors,91,delivered,5492305,2025-09-19,2025-09-23,2025-09-14 20:38:51
33,1003,TV-TC-0588,ReadMore Supplies,87,shipped,2385801,2024-03-25,,2024-03-10 23:45:42
34,778,MO-DE-0681,ElectroMart Solutions,69,ordered,1621983,2024-04-24,,2024-04-12 01:10:16
35,1172,PO-SY-0288,ConnectPro Supplies,162,shipped,539460,2024-07-22,,2024-07-07 06:59:17
36,22,TA-SA-0792,ConnectPro Supplies,174,delayed,3340278,2024-08-28,,2024-08-21 19:10:44
37,371,TV-TC-0027,GadgetHub India,23,delayed,2585752,2024-08-14,,2024-08-09 17:55:39
38,520,WE-RA-0556,CameraKing Distributors,183,delivered,1093791,2024-08-23,2024-08-21,2024-08-15 15:35:49
39,681,RO-NE-0692,TechNova Pvt Ltd,132,delivered,878064,2024-02-06,2024-02-09,2024-01-31 12:56:34
40,616,PO-ON-0540,GameZone Distributors,96,draft,215424,2024-05-01,,2024-04-20 07:19:23
41,227,LA-LE-0398,SmartGear Traders,149,delivered,7483823,2024-05-07,2024-05-12,2024-04-22 18:27:58
42,273,MO-DE-0618,SoundPro Solutions,22,delivered,927542,2025-01-11,2025-01-16,2025-01-01 07:45:36
43,954,CA-OL-0370,DigiHub Electronics,120,delivered,5108520,2025-11-06,2025-11-07,2025-10-29 07:33:03
44,218,TA-MI-0762,SoundPro Solutions,104,in_transit,3652480,2025-02-13,,2025-01-30 11:16:50
45,574,SM-AP-0635,VisionTech Supplies,68,delivered,670616,2025-06-18,2025-06-22,2025-06-12 17:14:38
46,388,SM-XI-0101,DigiHub Electronics,197,shipped,6130049,2024-03-14,,2024-02-28 01:28:45
47,819,TA-SA-0499,SmartLife Traders,146,delayed,4089752,2024-11-12,,2024-10-29 16:31:36
48,742,CA-AN-0049,ElectroMart Solutions,73,delivered,40880,2024-12-10,2024-12-14,2024-12-05 00:54:37
49,875,TV-XI-0695,MobileMart Pvt Ltd,193,in_transit,4691444,2026-02-28,,2026-02-23 08:30:56
50,99,KE-RA-0339,PrintWorks Pvt Ltd,16,in_transit,177440,2024-07-21,,2024-07-08 01:32:09
51,653,HE-SK-0046,GadgetHub India,77,delivered,218372,2025-02-18,2025-02-18,2025-02-06 16:57:35
52,239,PO-AN-0257,SmartLife Traders,47,in_transit,33276,2025-09-02,,2025-08-27 23:23:42
53,1022,SP-UL-0638,TechWorld Pvt Ltd,154,delivered,3658886,2025-06-30,2025-07-04,2025-06-17 17:43:49
54,1151,EA-SO-0326,PrintWorks Pvt Ltd,101,shipped,1611152,2025-04-25,,2025-04-14 15:41:00
55,818,HE-SK-0678,SmartGear Traders,112,in_transit,1217664,2025-05-08,,2025-04-23 19:22:36
56,147,KE-ST-0777,ConnectPro Supplies,112,shipped,841008,2025-03-31,,2025-03-18 20:40:05
57,369,GA-SO-0473,GadgetHub India,59,delivered,1964818,2025-05-10,2025-05-12,2025-05-03 15:11:01
58,7,SM-RE-0059,TechNova Pvt Ltd,170,delivered,11848150,2025-09-01,2025-09-06,2025-08-23 04:19:51
59,312,WE-MI-0393,Visionary Electronics,116,delivered,865940,2024-05-26,2024-05-25,2024-05-21 11:38:07
60,609,SP-HA-0624,PrintWorks Pvt Ltd,55,delivered,446160,2024-04-19,2024-04-24,2024-04-11 20:42:06
61,292,CA-AM-0251,Peripheral Pros,41,delivered,24026,2025-06-12,2025-06-17,2025-06-07 10:46:25
62,1093,WE-RA-0048,GadgetHub India,194,delivered,635932,2024-05-06,2024-05-06,2024-04-30 05:10:28
63,130,ME-KI-0390,AudioMax Distributors,82,in_transit,398438,2026-02-26,,2026-02-14 19:00:11
64,863,SM-BO-0172,GameZone Distributors,19,ordered,319048,2025-01-25,,2025-01-15 01:26:07
65,1095,CH-RE-0145,GadgetHub India,183,in_transit,286212,2024-12-16,,2024-12-09 21:03:49
66,976,SP-HA-0579,CameraKing Distributors,161,ordered,2182194,2025-03-24,,2025-03-13 15:59:22
67,826,CA-AN-0308,ElectroMart Solutions,194,delivered,83808,2025-05-12,2025-05-15,2025-05-06 11:24:17
68,732,CA-SO-0428,GadgetHub India,90,shipped,6311610,2025-10-16,,2025-10-04 07:47:26
69,1119,PO-SA-0194,ElectroMart Solutions,103,delayed,250187,2026-02-08,,2026-02-03 07:29:55
70,81,TA-MI-0286,TechWorld Pvt Ltd,152,delivered,7238696,2024-07-02,2024-07-01,2024-06-27 10:40:37
71,676,TA-RE-0319,Peripheral Pros,190,delivered,10696240,2025-08-11,2025-08-09,2025-08-03 00:53:06
72,176,HE-BO-0774,ElectroMart Solutions,61,in_transit,93330,2025-04-25,,2025-04-16 11:19:40
73,850,HE-BE-0415,PowerTech Distributors,192,shipped,2706240,2026-01-21,,2026-01-10 02:01:31
74,797,SM-RE-0283,PrintWorks Pvt Ltd,196,in_transit,6518568,2025-03-29,,2025-03-19 22:48:07
75,763,SP-HA-0574,ConnectPro Supplies,169,delayed,4099264,2024-08-09,,2024-07-30 08:42:13
76,553,SM-BO-0172,GameZone Distributors,131,delivered,2199752,2024-11-19,2024-11-19,2024-11-09 06:52:54
77,17,TV-XI-0032,AudioMax Distributors,116,in_transit,3182924,2024-03-31,,2024-03-23 19:01:11
78,603,CA-UG-0585,CameraKing Distributors,66,in_transit,34848,2025-05-27,,2025-05-15 22:34:06
79,862,CA-BO-0753,GameZone Distributors,181,delivered,32037,2026-01-08,2026-01-08,2025-12-28 22:21:45
80,951,SP-HA-0624,PrintWorks Pvt Ltd,18,in_transit,146016,2025-12-18,,2025-12-04 05:41:20
81,991,SM-BO-0103,TechWorld Pvt Ltd,74,delayed,1186886,2024-01-17,,2024-01-08 23:36:54
82,1120,SM-BO-0177,Visionary Electronics,50,delivered,1535800,2025-07-14,2025-07-14,2025-06-30 17:11:50
83,463,LA-MS-0131,SoundPro Solutions,135,delivered,12830805,2025-11-13,2025-11-12,2025-10-29 05:32:03
84,444,SM-RE-0233,SmartGear Traders,124,delivered,9401556,2024-05-21,2024-05-20,2024-05-12 03:07:01
85,726,RO-CI-0263,SoundPro Solutions,182,delivered,712166,2025-02-09,2025-02-08,2025-01-31 09:43:58
86,1049,RO-NE-0692,TechNova Pvt Ltd,137,in_transit,911324,2025-12-03,,2025-11-22 13:36:30
87,1104,CA-AM-0251,Peripheral Pros,52,shipped,30472,2025-05-15,,2025-05-05 23:26:25
88,593,WE-LO-0262,AudioMax Distributors,114,delivered,526680,2024-05-07,2024-05-06,2024-05-01 23:08:52
89,518,RO-AS-0093,Peripheral Pros,170,ordered,1005720,2025-07-27,,2025-07-22 18:46:39
90,122,GA-MI-0794,Elite Tech Supplies,56,shipped,1522752,2024-10-14,,2024-10-03 00:12:14
91,829,RO-AS-0505,CameraKing Distributors,147,shipped,305319,2026-02-12,,2026-02-03 12:41:33
92,440,LA-LE-0067,Elite Tech Supplies,31,delivered,3726634,2025-05-28,2025-05-29,2025-05-15 09:56:08
93,761,WE-RA-0556,CameraKing Distributors,80,delivered,478160,2025-03-11,2025-03-12,2025-03-04 04:17:12
94,1046,WE-LO-0105,CameraKing Distributors,170,in_transit,1467440,2024-08-08,,2024-07-29 07:45:04
95,979,EA-AN-0508,CameraKing Distributors,44,in_transit,157564,2024-03-05,,2024-02-20 16:36:37
96,933,WE-LO-0108,TechWorld Pvt Ltd,111,delivered,1024641,2025-05-31,2025-06-04,2025-05-26 16:02:51
97,29,SM-AP-0282,GameZone Distributors,189,delivered,2233791,2025-10-17,2025-10-22,2025-10-04 00:57:20
98,1039,KE-ST-0668,PrintWorks Pvt Ltd,66,in_transit,338118,2024-03-08,,2024-03-03 21:25:48
99,14,TA-MI-0272,PrintWorks Pvt Ltd,153,shipped,3064896,2025-02-14,,2025-01-30 20:43:48
100,614,CA-BO-0127,SoundPro Solutions,135,in_transit,35775,2025-01-03,,2024-12-21 10:43:34
101,1016,TV-SA-0035,SmartGear Traders,130,draft,2491580,2025-01-02,,2024-12-28 01:34:19
102,567,GA-SO-0036,SmartLife Traders,127,shipped,3461258,2026-02-27,,2026-02-16 10:20:08
103,1167,TA-SA-0424,GameZone Distributors,159,delivered,7134171,2024-02-27,2024-02-27,2024-02-22 21:13:46
104,1111,SP-MA-0083,AudioMax Distributors,40,delivered,921640,2025-12-22,2025-12-25,2025-12-15 08:20:57
105,533,ME-KI-0203,ElectroMart Solutions,21,delivered,11424,2025-11-04,2025-11-04,2025-10-22 07:42:30
106,152,CH-SA-0114,PrintWorks Pvt Ltd,107,shipped,154722,2024-11-24,,2024-11-12 05:53:09
107,750,SM-GA-0232,Visionary Electronics,153,ordered,4617693,2024-01-26,,2024-01-16 22:05:25
108,65,PR-CA-0786,Elite Tech Supplies,16,in_transit,344768,2025-12-18,,2025-12-05 19:29:59
109,927,TA-MI-0286,TechWorld Pvt Ltd,125,ordered,5952875,2025-03-12,,2025-03-01 08:57:14
110,856,PO-ON-0174,Elite Tech Supplies,150,shipped,376950,2024-11-19,,2024-11-14 05:55:41
111,435,HE-PH-0242,TechNova Pvt Ltd,180,shipped,1425240,2026-01-26,,2026-01-17 04:35:03
112,137,SM-RE-0583,Visionary Electronics,191,delivered,17895936,2025-10-29,2025-11-03,2025-10-16 08:27:59
113,286,CA-ON-0197,TechWorld Pvt Ltd,44,delivered,41052,2024-05-15,2024-05-13,2024-05-02 11:21:40
114,658,TA-RE-0344,Visionary Electronics,164,in_transit,3357244,2024-03-17,,2024-03-03 23:37:33
115,532,SM-SA-0315,ConnectPro Supplies,177,delivered,2276043,2024-07-17,2024-07-21,2024-07-08 13:27:54
116,744,HE-BO-0485,AudioMax Distributors,71,delayed,520785,2025-08-29,,2025-08-20 15:13:30
117,953,RO-AS-0093,Peripheral Pros,135,delivered,798660,2024-02-08,2024-02-06,2024-01-28 21:55:05
118,1076,PO-AM-0435,GadgetHub India,103,delivered,308279,2025-09-23,2025-09-25,2025-09-14 12:21:30
119,783,KE-CO-0354,AudioMax Distributors,139,delivered,394760,2024-03-28,2024-04-02,2024-03-16 15:16:38
120,688,LA-MI-0171,SoundPro Solutions,10,shipped,1120640,2024-11-04,,2024-10-27 04:29:56
121,398,GA-SO-0490,SmartLife Traders,172,in_transit,3426756,2025-03-03,,2025-02-19 03:36:46
122,165,EA-AN-0508,CameraKing Distributors,109,delivered,390329,2025-12-08,2025-12-07,2025-11-28 00:15:39
123,197,TA-RE-0619,MobileMart Pvt Ltd,116,delivered,4119856,2025-12-05,2025-12-10,2025-11-28 16:38:34
124,1002,SP-JB-0650,SmartLife Traders,84,delivered,1718808,2024-11-03,2024-11-06,2024-10-28 01:32:17
125,643,TA-XI-0732,AudioMax Distributors,57,delivered,2293965,2026-02-22,2026-02-26,2026-02-11 05:16:01
126,336,SP-UL-0761,TechNova Pvt Ltd,27,in_transit,117477,2025-09-07,,2025-08-29 01:45:39
127,577,PR-EP-0687,SoundPro Solutions,47,shipped,1330194,2025-07-12,,2025-07-03 19:16:16
128,697,EA-NO-0691,VisionTech Supplies,167,shipped,869569,2025-10-06,,2025-09-24 00:56:02
129,942,KE-HP-0594,PowerTech Distributors,166,in_transit,563902,2024-05-26,,2024-05-20 12:04:08
130,510,EA-AN-0276,VisionTech Supplies,97,delivered,412153,2024-11-02,2024-10-31,2024-10-22 11:06:21
131,482,LA-RA-0541,TechWorld Pvt Ltd,100,ordered,11386200,2024-01-25,,2024-01-13 14:00:07
132,468,SM-NO-0662,ElectroMart Solutions,195,ordered,9767745,2024-10-13,,2024-09-28 02:03:08
133,831,PR-CA-0310,AudioMax Distributors,12,draft,243048,2024-07-28,,2024-07-22 09:41:34
134,894,TV-SA-0654,Visionary Electronics,36,delivered,666000,2026-01-08,2026-01-07,2025-12-27 03:54:58
135,1041,HE-PH-0061,GadgetHub India,11,ordered,155562,2025-04-05,,2025-03-25 08:20:03
136,447,MO-LO-0409,ElectroMart Solutions,183,delivered,323178,2025-07-15,2025-07-14,2025-07-01 03:26:46
137,612,SP-UL-0548,SmartGear Traders,78,delivered,824928,2024-03-03,2024-03-01,2024-02-27 12:08:54
138,948,SM-GA-0128,Visionary Electronics,143,in_transit,3524092,2024-11-30,,2024-11-19 06:23:33
139,79,GA-SO-0538,ConnectPro Supplies,72,shipped,2943144,2025-04-19,,2025-04-09 04:55:15
140,445,CH-SA-0345,DigiHub Electronics,136,delivered,113424,2024-10-12,2024-10-14,2024-10-07 07:21:48
141,493,LA-MI-0057,SmartLife Traders,55,shipped,7327870,2025-03-28,,2025-03-15 00:39:13
142,1102,SP-UL-0663,PrintWorks Pvt Ltd,173,in_transit,2495525,2025-08-23,,2025-08-12 10:01:55
143,1116,LA-DE-0516,Elite Tech Supplies,62,draft,7221512,2025-12-26,,2025-12-21 14:22:05
144,1175,SM-MO-0245,AudioMax Distributors,30,delivered,1872990,2026-01-09,2026-01-12,2025-12-29 14:03:18
145,745,KE-RA-0339,PrintWorks Pvt Ltd,68,delivered,754120,2024-09-30,2024-09-30,2024-09-25 10:43:25
146,249,KE-LO-0488,DigiHub Electronics,184,in_transit,489992,2024-05-02,,2024-04-21 23:28:55
147,1070,MO-MI-0701,GadgetHub India,170,delivered,607410,2024-10-14,2024-10-16,2024-10-06 12:44:48
148,1168,LA-DE-0089,Peripheral Pros,79,ordered,4063444,2024-07-28,,2024-07-15 19:27:21
149,303,GA-SO-0144,Peripheral Pros,85,in_transit,3065695,2025-04-26,,2025-04-13 12:21:47
150,1062,TA-AP-0005,Elite Tech Supplies,13,ordered,287040,2024-12-10,,2024-12-04 13:27:24
151,133,CA-NI-0322,Peripheral Pros,65,in_transit,2844595,2024-01-16,,2024-01-05 07:14:49
152,592,CA-BO-0166,DigiHub Electronics,105,draft,26775,2024-04-15,,2024-04-05 11:05:49
153,172,SM-NO-0689,TechWorld Pvt Ltd,117,ordered,10822266,2026-02-12,,2026-02-05 19:54:04
154,213,MO-CO-0500,ConnectPro Supplies,49,shipped,114219,2024-08-14,,2024-08-07 07:24:39
155,243,HE-JB-0517,DigiHub Electronics,157,draft,2186225,2024-01-14,,2024-01-03 17:33:07
156,92,SM-AP-0324,MobileMart Pvt Ltd,161,delivered,8234184,2024-03-30,2024-03-31,2024-03-24 06:33:15
157,1136,HE-SO-0625,DigiHub Electronics,188,delivered,2095448,2025-01-17,2025-01-15,2025-01-05 07:40:36
158,859,ME-KI-0302,Visionary Electronics,149,ordered,524778,2025-02-26,,2025-02-14 18:54:09
159,389,GA-SO-0736,Visionary Electronics,19,delivered,530898,2024-05-17,2024-05-21,2024-05-09 18:42:22
160,262,SM-AP-0635,VisionTech Supplies,77,delivered,759374,2024-10-24,2024-10-25,2024-10-12 16:11:45
161,929,SM-OP-0501,TechNova Pvt Ltd,173,delivered,9366047,2026-03-09,2026-03-11,2026-02-26 20:41:45
162,559,HE-SE-0188,SmartGear Traders,83,in_transit,947445,2025-09-24,,2025-09-11 04:08:14
163,91,CH-ON-0780,TechNova Pvt Ltd,119,delivered,37009,2024-05-31,2024-06-05,2024-05-19 22:14:34
164,765,TA-RE-0344,Visionary Electronics,51,delayed,1044021,2025-01-30,,2025-01-21 00:43:00
165,1174,PR-CA-0669,TechWorld Pvt Ltd,137,shipped,2565599,2025-06-06,,2025-05-26 20:39:59
166,854,GA-NI-0418,SmartLife Traders,38,delivered,1618952,2024-02-04,2024-02-09,2024-01-20 21:08:38
167,491,TA-LE-0523,CameraKing Distributors,128,delivered,4276736,2025-05-23,2025-05-23,2025-05-17 18:17:44
168,877,KE-HP-0789,PowerTech Distributors,148,ordered,485440,2025-12-09,,2025-12-02 14:36:10
169,590,CA-AN-0402,PowerTech Distributors,65,shipped,26585,2024-12-30,,2024-12-25 17:13:20
170,898,LA-MS-0131,SoundPro Solutions,17,in_transit,1615731,2024-04-14,,2024-04-02 07:01:59
171,628,LA-LE-0067,Elite Tech Supplies,88,shipped,10578832,2025-03-20,,2025-03-06 17:48:25
172,266,ME-SO-0040,DigiHub Electronics,10,delivered,29540,2024-01-22,2024-01-27,2024-01-11 14:55:00
173,50,GA-SO-0509,PowerTech Distributors,142,shipped,4670522,2024-05-30,,2024-05-20 23:32:47
174,32,SM-BO-0103,TechWorld Pvt Ltd,91,draft,1459549,2025-03-29,,2025-03-16 23:28:48
175,1023,HE-AU-0696,TechWorld Pvt Ltd,112,shipped,822528,2025-10-15,,2025-10-08 06:57:40
176,749,HE-BE-0167,TechWorld Pvt Ltd,96,delivered,1598496,2024-03-27,2024-03-27,2024-03-20 15:08:59
177,1156,RO-NE-0238,PowerTech Distributors,93,delivered,761112,2025-06-19,2025-06-23,2025-06-12 20:22:06
178,484,CA-GO-0457,PowerTech Distributors,97,delivered,7740212,2025-07-12,2025-07-10,2025-06-27 21:55:55
179,94,KE-DE-0133,SmartGear Traders,162,shipped,195858,2025-10-30,,2025-10-25 20:31:02
180,524,KE-DU-0544,ElectroMart Solutions,18,in_transit,107172,2024-09-09,,2024-08-26 20:18:55
181,576,GA-MI-0053,Peripheral Pros,195,in_transit,4539015,2024-03-24,,2024-03-11 16:11:29
182,454,SP-HA-0624,PrintWorks Pvt Ltd,195,shipped,1581840,2025-03-27,,2025-03-19 23:16:27
183,519,CH-BE-0783,GameZone Distributors,64,delivered,17984,2024-09-09,2024-09-10,2024-09-04 19:08:03
184,107,MO-CO-0079,SmartGear Traders,40,delivered,181960,2024-12-14,2024-12-17,2024-12-06 20:00:39
185,625,HE-BO-0627,DigiHub Electronics,156,delivered,1847508,2025-10-03,2025-10-07,2025-09-26 08:18:39
186,226,RO-CI-0013,MobileMart Pvt Ltd,175,in_transit,679000,2025-11-22,,2025-11-17 10:59:10
187,890,KE-CO-0009,Visionary Electronics,96,delivered,257568,2026-02-03,2026-02-07,2026-01-28 08:46:34
188,40,SM-RE-0059,TechNova Pvt Ltd,101,ordered,7039195,2026-01-15,,2026-01-03 06:46:42
189,115,ME-KI-0582,ConnectPro Supplies,138,draft,242328,2025-09-15,,2025-09-10 13:18:22
190,1030,SM-AP-0729,ConnectPro Supplies,110,delivered,1918950,2025-11-13,2025-11-11,2025-10-31 04:26:49
191,73,PO-AM-0489,GameZone Distributors,30,delivered,29850,2024-07-26,2024-07-24,2024-07-18 22:48:19
192,509,GA-SO-0110,CameraKing Distributors,155,delivered,3583290,2025-05-17,2025-05-17,2025-05-09 00:44:09
193,496,SM-RE-0283,PrintWorks Pvt Ltd,109,shipped,3625122,2024-02-04,,2024-01-25 04:11:29
194,319,ME-KI-0408,MobileMart Pvt Ltd,181,delivered,71314,2024-09-09,2024-09-11,2024-08-26 00:56:23
195,694,WE-CR-0470,Elite Tech Supplies,111,delivered,627483,2025-03-29,2025-03-29,2025-03-21 19:07:22
196,1192,SM-BO-0239,SmartLife Traders,53,delivered,140556,2024-03-24,2024-03-26,2024-03-15 22:23:14
197,1086,SP-UL-0336,ElectroMart Solutions,124,shipped,3785968,2025-03-30,,2025-03-21 08:46:46
198,471,SP-UL-0663,PrintWorks Pvt Ltd,96,delayed,1384800,2025-05-17,,2025-05-06 03:18:53
199,1184,CA-UG-0682,PowerTech Distributors,198,in_transit,172260,2024-11-26,,2024-11-16 22:54:10
200,1122,TA-SA-0550,PowerTech Distributors,30,delivered,1515960,2024-06-26,2024-07-01,2024-06-13 00:51:12
201,644,SP-UL-0663,PrintWorks Pvt Ltd,84,in_transit,1211700,2024-10-22,,2024-10-12 00:37:12
202,168,TV-XI-0695,MobileMart Pvt Ltd,58,in_transit,1409864,2025-10-30,,2025-10-17 11:39:52
203,907,PR-CA-0786,Elite Tech Supplies,156,delivered,3361488,2025-08-15,2025-08-20,2025-08-03 03:59:58
204,562,SP-UL-0761,TechNova Pvt Ltd,183,in_transit,796233,2024-08-30,,2024-08-16 08:37:35
205,921,KE-KE-0591,Elite Tech Supplies,185,delivered,549080,2024-08-20,2024-08-19,2024-08-12 10:16:20
206,397,CA-AM-0615,Peripheral Pros,39,delivered,3822,2024-05-08,2024-05-09,2024-04-26 07:14:39
207,565,PR-BR-0782,GameZone Distributors,200,draft,6118800,2024-03-12,,2024-03-05 21:44:34
208,177,ME-SO-0074,PowerTech Distributors,136,delivered,636888,2024-04-09,2024-04-12,2024-03-30 19:11:09
209,481,CA-PA-0307,PrintWorks Pvt Ltd,50,shipped,4593750,2026-03-03,,2026-02-21 20:03:00
210,662,KE-ST-0766,VisionTech Supplies,34,delivered,22270,2024-01-21,2024-01-21,2024-01-14 08:56:30
211,1117,GA-SO-0562,ElectroMart Solutions,49,delivered,1198785,2025-10-09,2025-10-14,2025-10-04 13:35:29
212,237,CH-BE-0471,PrintWorks Pvt Ltd,33,ordered,31878,2024-12-13,,2024-11-30 02:29:06
213,891,WE-LO-0105,CameraKing Distributors,97,in_transit,837304,2025-05-22,,2025-05-11 14:33:06
214,355,TV-SO-0014,SmartGear Traders,41,delivered,3451421,2024-07-02,2024-07-03,2024-06-17 21:58:34
215,941,MO-DE-0192,VisionTech Supplies,162,delivered,1911276,2025-05-02,2025-05-03,2025-04-17 15:46:20
216,665,CH-BO-0661,PowerTech Distributors,159,delivered,122589,2024-03-24,2024-03-27,2024-03-17 03:15:50
217,281,MO-DE-0271,PowerTech Distributors,187,delivered,978945,2025-02-07,2025-02-07,2025-01-30 17:36:21
218,1138,CA-UG-0735,MobileMart Pvt Ltd,145,ordered,34365,2025-07-18,,2025-07-04 14:37:06
219,959,MO-DE-0655,VisionTech Supplies,10,in_transit,15230,2025-08-31,,2025-08-21 04:07:32
220,866,SM-MO-0187,CameraKing Distributors,73,delivered,2237450,2025-07-18,2025-07-20,2025-07-07 01:05:51
221,241,RO-CI-0726,ReadMore Supplies,37,delivered,46250,2024-05-05,2024-05-03,2024-04-29 23:26:25
222,234,PR-EP-0431,TechNova Pvt Ltd,40,in_transit,285400,2024-09-07,,2024-08-27 20:35:53
223,2,CA-NI-0371,DigiHub Electronics,164,delivered,9139392,2025-11-18,2025-11-23,2025-11-06 00:15:43
224,459,MO-AC-0757,ElectroMart Solutions,96,delivered,633792,2025-09-19,2025-09-18,2025-09-12 23:38:09
225,47,CA-UG-0450,MobileMart Pvt Ltd,85,delivered,88145,2025-04-04,2025-04-06,2025-03-26 12:51:51
226,28,GA-NI-0092,AudioMax Distributors,137,delivered,4816235,2024-02-05,2024-02-03,2024-01-23 14:41:07
227,164,ME-TR-0688,ConnectPro Supplies,119,delivered,540736,2025-03-25,2025-03-30,2025-03-10 16:57:19
228,696,GA-NI-0705,ConnectPro Supplies,68,ordered,1823692,2024-06-19,,2024-06-08 18:39:07
229,442,MO-ST-0099,TechWorld Pvt Ltd,116,delivered,492304,2025-04-17,2025-04-22,2025-04-12 10:30:45
230,770,CA-UG-0682,PowerTech Distributors,158,shipped,137460,2026-01-01,,2025-12-17 17:14:55
231,200,TV-XI-0032,AudioMax Distributors,94,shipped,2579266,2025-02-15,,2025-02-08 05:15:33
232,1014,GA-NI-0659,TechNova Pvt Ltd,113,shipped,2396165,2025-05-19,,2025-05-07 10:48:26
233,465,HE-AU-0274,Visionary Electronics,62,delivered,926404,2025-10-07,2025-10-08,2025-09-22 06:17:32
234,538,MO-DE-0655,VisionTech Supplies,120,delivered,182760,2024-03-16,2024-03-18,2024-03-08 03:21:45
235,1101,SM-FI-0216,CameraKing Distributors,186,delayed,5605110,2025-03-28,,2025-03-20 08:58:58
236,909,HE-SK-0445,AudioMax Distributors,96,draft,1907712,2025-07-29,,2025-07-23 03:16:20
237,433,KE-KE-0787,CameraKing Distributors,147,ordered,1286691,2024-03-17,,2024-03-11 19:17:58
238,103,ME-SA-0279,TechWorld Pvt Ltd,19,delivered,51661,2025-12-15,2025-12-16,2025-12-07 03:37:13
239,598,RO-LI-0453,GameZone Distributors,28,shipped,184660,2024-08-28,,2024-08-13 01:59:31
240,675,MO-DE-0192,VisionTech Supplies,45,delivered,530910,2024-05-01,2024-04-29,2024-04-20 22:40:14
241,467,SM-FI-0462,Visionary Electronics,163,in_transit,3544435,2024-07-31,,2024-07-25 20:00:17
242,343,SM-RE-0469,CameraKing Distributors,15,delivered,539145,2025-09-09,2025-09-11,2025-09-03 00:05:51
243,174,MO-HP-0161,SoundPro Solutions,155,ordered,961775,2025-12-31,,2025-12-21 12:37:08
244,853,RO-AS-0069,GadgetHub India,184,delivered,1698504,2026-02-09,2026-02-10,2026-01-28 23:18:50
245,531,SM-MO-0314,PowerTech Distributors,54,in_transit,1443582,2024-11-26,,2024-11-19 05:17:42
246,970,LA-MS-0090,PrintWorks Pvt Ltd,146,draft,13992786,2025-12-15,,2025-12-08 11:35:22
247,456,WE-HP-0138,GameZone Distributors,194,delivered,485000,2024-10-20,2024-10-24,2024-10-11 09:34:48
248,149,MO-RA-0030,SmartLife Traders,141,delivered,97572,2025-07-23,2025-07-23,2025-07-10 00:33:04
249,1183,SP-UL-0761,TechNova Pvt Ltd,174,delivered,757074,2024-12-06,2024-12-04,2024-11-23 22:13:14
250,768,HE-SK-0700,TechWorld Pvt Ltd,115,ordered,2458355,2025-06-28,,2025-06-21 19:42:02
251,1177,LA-DE-0004,MobileMart Pvt Ltd,98,delivered,5066600,2025-08-14,2025-08-14,2025-08-02 10:45:18
252,1143,SM-RE-0293,SoundPro Solutions,36,draft,3404448,2024-02-03,,2024-01-25 19:34:51
253,540,RO-CI-0745,Visionary Electronics,151,delivered,1137030,2024-12-13,2024-12-17,2024-12-02 16:57:19
254,117,MO-SA-0075,TechNova Pvt Ltd,104,delivered,3147768,2025-05-24,2025-05-22,2025-05-09 23:45:46
255,595,TV-PA-0752,GadgetHub India,117,delivered,8417799,2025-06-18,2025-06-17,2025-06-04 03:27:03
256,645,CA-FU-0793,SmartGear Traders,40,in_transit,3574960,2025-07-20,,2025-07-13 04:56:45
257,549,SM-FI-0547,Elite Tech Supplies,61,delivered,1293627,2024-09-07,2024-09-08,2024-08-27 19:03:40
258,217,GA-NI-0401,MobileMart Pvt Ltd,63,delayed,1740123,2025-09-13,,2025-09-04 09:27:51
259,986,RO-AS-0142,SmartLife Traders,98,in_transit,805560,2024-03-08,,2024-02-24 17:48:08
260,1159,ME-SO-0040,DigiHub Electronics,91,delivered,268814,2024-04-02,2024-04-03,2024-03-25 11:33:27
261,578,PO-MI-0087,PrintWorks Pvt Ltd,162,delivered,355752,2024-07-27,2024-07-30,2024-07-20 21:45:12
262,820,PO-AN-0791,Elite Tech Supplies,152,ordered,260528,2025-12-24,,2025-12-13 03:52:55
263,464,SM-RE-0486,DigiHub Electronics,87,shipped,1270722,2025-12-24,,2025-12-17 16:20:36
264,1055,WE-MI-0767,Peripheral Pros,60,ordered,491400,2024-06-08,,2024-05-30 21:16:40
265,621,LA-AC-0679,DigiHub Electronics,200,delivered,20596200,2024-11-19,2024-11-18,2024-11-11 22:04:21
266,655,WE-MI-0756,TechWorld Pvt Ltd,156,ordered,628836,2025-03-14,,2025-03-06 01:11:25
267,881,LA-DE-0299,PrintWorks Pvt Ltd,171,delivered,21177495,2025-11-19,2025-11-17,2025-11-05 19:36:20
268,288,SM-FI-0216,CameraKing Distributors,139,shipped,4188765,2024-07-11,,2024-06-30 07:08:22
269,944,MO-LG-0717,VisionTech Supplies,192,delivered,7591488,2024-08-28,2024-08-27,2024-08-19 14:34:37
270,526,SP-BO-0675,SmartLife Traders,45,delivered,1332855,2024-05-29,2024-05-28,2024-05-15 19:45:35
271,545,PO-AM-0690,MobileMart Pvt Ltd,171,shipped,246753,2025-07-15,,2025-07-03 17:14:04
272,1142,MO-DE-0497,CameraKing Distributors,129,delivered,289992,2025-08-26,2025-08-27,2025-08-12 04:12:20
273,912,GA-SO-0562,ElectroMart Solutions,159,delivered,3889935,2024-05-14,2024-05-16,2024-05-07 06:33:24
274,1088,TV-ON-0449,Elite Tech Supplies,52,delayed,2389088,2025-10-04,,2025-09-26 20:33:24
275,584,PR-BR-0452,SmartGear Traders,165,ordered,898095,2025-04-19,,2025-04-07 00:58:27
276,772,TV-LG-0088,Elite Tech Supplies,136,delivered,10021160,2024-05-09,2024-05-13,2024-04-30 07:29:34
277,961,WE-LO-0672,GameZone Distributors,193,delivered,911732,2025-02-14,2025-02-19,2025-02-09 05:36:05
278,858,CA-SO-0362,VisionTech Supplies,85,delivered,4577165,2024-07-03,2024-07-07,2024-06-27 03:57:16
279,82,RO-TP-0800,CameraKing Distributors,137,ordered,1253413,2025-05-03,,2025-04-28 22:50:42
280,408,PO-AN-0182,SmartGear Traders,55,draft,87065,2025-11-17,,2025-11-02 04:04:28
281,582,MO-DE-0655,VisionTech Supplies,10,delivered,15230,2024-06-07,2024-06-06,2024-05-26 17:53:33
282,693,CA-ON-0122,GadgetHub India,109,draft,39567,2024-07-31,,2024-07-22 00:28:23
283,184,EA-NO-0198,MobileMart Pvt Ltd,195,in_transit,2742090,2024-12-29,,2024-12-22 21:14:30
284,715,KE-RA-0297,ElectroMart Solutions,72,draft,322560,2026-01-16,,2026-01-05 13:19:41
285,413,PR-HP-0570,VisionTech Supplies,101,delayed,3078884,2024-02-20,,2024-02-13 02:13:47
286,357,SP-UL-0761,TechNova Pvt Ltd,11,delivered,47861,2026-02-01,2026-01-30,2026-01-27 02:40:07
287,1028,CA-PA-0744,CameraKing Distributors,134,delivered,2562616,2025-08-20,2025-08-18,2025-08-09 19:09:04
288,180,SP-BO-0495,DigiHub Electronics,63,in_transit,947079,2025-08-16,,2025-08-03 16:34:53
289,72,MO-RA-0030,SmartLife Traders,131,in_transit,90652,2026-02-01,,2026-01-18 04:07:40
290,757,CA-BE-0113,SmartGear Traders,70,delivered,82250,2026-03-02,2026-03-04,2026-02-15 09:49:49
291,1053,CA-AN-0613,Elite Tech Supplies,166,shipped,22410,2026-02-13,,2026-02-06 20:59:35
292,89,MO-LO-0006,GameZone Distributors,39,delivered,40170,2024-12-01,2024-11-30,2024-11-18 08:27:49
293,839,GA-NI-0401,MobileMart Pvt Ltd,110,shipped,3038310,2025-05-31,,2025-05-26 05:50:47
294,521,EA-BO-0225,ReadMore Supplies,67,ordered,1164661,2024-07-07,,2024-06-22 02:25:50
295,1160,RO-NE-0440,TechNova Pvt Ltd,55,delivered,359480,2025-05-06,2025-05-05,2025-04-25 06:50:26
296,568,CH-BE-0657,ReadMore Supplies,177,delivered,333114,2025-02-20,2025-02-22,2025-02-12 23:27:00
297,1130,PR-BR-0427,MobileMart Pvt Ltd,24,shipped,258288,2024-11-21,,2024-11-09 02:41:42
298,499,EA-AP-0221,SoundPro Solutions,129,draft,677250,2025-09-30,,2025-09-17 03:07:07
299,1098,TA-AM-0441,TechNova Pvt Ltd,119,ordered,2499357,2024-12-18,,2024-12-11 19:26:13
300,203,TV-TC-0702,TechWorld Pvt Ltd,81,in_transit,1941894,2025-05-16,,2025-05-05 22:18:36
301,932,TV-PA-0338,Peripheral Pros,75,in_transit,1735050,2024-06-11,,2024-06-02 09:52:20
302,555,SP-UL-0761,TechNova Pvt Ltd,155,delivered,674405,2024-03-02,2024-03-05,2024-02-17 23:24:41
303,998,GA-SO-0473,GadgetHub India,102,delivered,3396804,2024-07-15,2024-07-20,2024-07-07 20:28:55
304,791,ME-SA-0301,CameraKing Distributors,99,shipped,160182,2025-03-18,,2025-03-11 15:28:07
305,924,TV-PA-0752,GadgetHub India,141,draft,10144527,2025-01-10,,2025-01-04 18:58:01
306,1148,LA-RA-0231,MobileMart Pvt Ltd,136,in_transit,10071888,2025-04-06,,2025-03-26 12:17:36
307,651,SP-BO-0477,PowerTech Distributors,11,delivered,14080,2025-02-16,2025-02-17,2025-02-01 17:58:36
308,470,CH-BE-0657,ReadMore Supplies,57,delayed,107274,2025-08-28,,2025-08-14 22:28:10
309,1079,SP-MA-0280,AudioMax Distributors,99,delivered,1520739,2024-12-14,2024-12-16,2024-12-06 10:15:34
310,106,WE-HP-0146,AudioMax Distributors,156,delivered,1298700,2024-12-22,2024-12-20,2024-12-09 09:18:33
311,1166,KE-RA-0022,VisionTech Supplies,16,delivered,69360,2024-06-02,2024-06-06,2024-05-20 20:16:45
312,743,PR-BR-0482,Elite Tech Supplies,52,delivered,1906164,2025-11-05,2025-11-03,2025-10-30 07:23:42
313,714,KE-ST-0766,VisionTech Supplies,181,delivered,118555,2025-07-03,2025-07-08,2025-06-18 00:20:32
314,167,MO-RA-0071,Peripheral Pros,147,delivered,743379,2025-09-03,2025-09-01,2025-08-20 22:31:10
315,207,EA-JA-0258,TechNova Pvt Ltd,156,delivered,411060,2025-03-26,2025-03-24,2025-03-11 09:56:12
316,1190,LA-MS-0131,SoundPro Solutions,175,delivered,16632525,2025-10-08,2025-10-08,2025-10-02 08:50:13
317,136,CA-OL-0026,Visionary Electronics,139,ordered,9671064,2026-01-21,,2026-01-16 07:17:59
318,61,TA-SA-0748,SmartLife Traders,188,delivered,10003668,2025-05-04,2025-05-07,2025-04-20 20:53:51
319,754,CH-BE-0471,PrintWorks Pvt Ltd,199,in_transit,192234,2025-09-25,,2025-09-20 06:11:05
320,901,SM-RE-0293,SoundPro Solutions,174,delivered,16454832,2024-03-10,2024-03-13,2024-03-02 21:42:05
321,1025,PO-RE-0029,ConnectPro Supplies,23,delivered,45402,2024-05-14,2024-05-12,2024-04-30 15:21:41
322,725,GA-SO-0036,SmartLife Traders,169,shipped,4605926,2024-10-20,,2024-10-15 21:16:26
323,351,PR-EP-0431,TechNova Pvt Ltd,114,delivered,813390,2025-10-01,2025-10-04,2025-09-22 23:50:03
324,505,CH-AN-0162,SmartLife Traders,109,delivered,156960,2024-01-24,2024-01-26,2024-01-13 16:54:06
325,995,PO-AN-0791,Elite Tech Supplies,61,delivered,104554,2025-02-03,2025-02-02,2025-01-21 02:59:26
326,581,CA-PA-0307,PrintWorks Pvt Ltd,88,ordered,8085000,2024-11-24,,2024-11-11 11:39:09
327,20,WE-LO-0566,Elite Tech Supplies,61,shipped,275903,2025-02-10,,2025-01-26 02:29:11
328,297,CA-FU-0728,SmartGear Traders,14,in_transit,926254,2024-08-07,,2024-07-31 07:55:16
329,236,HE-JB-0666,Elite Tech Supplies,16,delivered,141696,2024-05-01,2024-05-03,2024-04-17 14:07:04
330,361,EA-AN-0091,TechWorld Pvt Ltd,43,shipped,262988,2024-11-16,,2024-11-09 15:10:20
331,1187,ME-SA-0301,CameraKing Distributors,169,delivered,273442,2025-09-06,2025-09-04,2025-08-31 14:24:51
332,88,HE-SO-0186,ConnectPro Supplies,29,shipped,456779,2024-03-02,,2024-02-16 21:39:11
333,602,LA-MI-0467,CameraKing Distributors,196,shipped,4415096,2025-06-21,,2025-06-10 10:24:06
334,514,CH-AN-0162,SmartLife Traders,149,draft,214560,2025-05-21,,2025-05-13 01:11:57
335,870,SM-BO-0025,ConnectPro Supplies,65,delivered,365040,2025-05-21,2025-05-21,2025-05-14 03:41:05
336,570,SM-XI-0012,MobileMart Pvt Ltd,15,delivered,1110435,2024-07-29,2024-07-30,2024-07-16 11:02:37
337,153,LA-RA-0095,SoundPro Solutions,109,delivered,3728999,2024-01-17,2024-01-17,2024-01-12 20:20:07
338,327,MO-DE-0405,VisionTech Supplies,121,in_transit,220825,2025-04-14,,2025-03-30 01:17:36
339,994,SP-BO-0477,PowerTech Distributors,142,shipped,181760,2024-12-05,,2024-11-20 14:18:01
340,880,ME-KI-0595,PowerTech Distributors,149,delivered,318264,2025-02-21,2025-02-20,2025-02-15 19:01:12
341,477,RO-AS-0333,PowerTech Distributors,81,delivered,484866,2024-08-31,2024-09-03,2024-08-17 10:21:14
342,816,CA-BE-0738,PowerTech Distributors,157,delivered,37366,2025-01-25,2025-01-30,2025-01-14 18:10:01
343,884,SM-AP-0729,ConnectPro Supplies,70,delivered,1221150,2026-02-20,2026-02-19,2026-02-07 09:42:14
344,449,WE-LO-0587,PowerTech Distributors,143,delivered,768625,2024-01-22,2024-01-26,2024-01-11 18:04:28
345,695,CA-SO-0476,Peripheral Pros,160,ordered,10322400,2025-03-18,,2025-03-09 06:27:50
346,731,SM-AP-0254,DigiHub Electronics,71,delivered,1140828,2024-03-20,2024-03-22,2024-03-13 22:38:43
347,1186,GA-MI-0421,ReadMore Supplies,158,shipped,4112898,2024-11-09,,2024-10-26 17:00:55
348,722,MO-ST-0719,MobileMart Pvt Ltd,36,shipped,71388,2024-01-31,,2024-01-26 07:46:34
349,235,PO-SA-0379,SmartGear Traders,55,in_transit,180290,2025-06-11,,2025-06-04 18:55:02
350,268,LA-HP-0082,PowerTech Distributors,185,shipped,19914325,2025-02-03,,2025-01-27 11:28:19
351,324,LA-HP-0082,PowerTech Distributors,157,delivered,16900265,2024-09-22,2024-09-26,2024-09-12 07:01:16
352,68,PO-RE-0561,Peripheral Pros,56,in_transit,129304,2024-06-26,,2024-06-21 12:08:47
353,987,TA-MI-0165,SmartLife Traders,142,in_transit,1306400,2025-07-28,,2025-07-22 05:18:50
354,931,TA-RE-0319,Peripheral Pros,83,in_transit,4672568,2024-09-29,,2024-09-14 14:55:48
355,143,TA-SA-0332,Elite Tech Supplies,98,shipped,3931564,2026-01-06,,2025-12-25 23:41:54
356,784,WE-CR-0698,SmartGear Traders,54,in_transit,457326,2024-01-27,,2024-01-21 00:13:35
357,1113,SP-SO-0554,AudioMax Distributors,21,delivered,581889,2026-03-10,2026-03-08,2026-02-26 02:02:13
358,730,SM-RE-0583,Visionary Electronics,42,draft,3935232,2024-10-12,,2024-10-02 06:08:04
359,564,PR-BR-0533,SmartGear Traders,114,in_transit,2034558,2024-12-14,,2024-12-05 03:27:12
360,178,SM-AP-0175,MobileMart Pvt Ltd,147,ordered,2148405,2024-01-28,,2024-01-14 09:16:04
361,1045,MO-HP-0466,ElectroMart Solutions,145,delivered,312620,2025-09-02,2025-09-04,2025-08-24 02:34:41
362,394,TV-XI-0346,AudioMax Distributors,111,draft,9669987,2026-03-06,,2026-02-27 18:44:50
363,453,MO-LO-0542,TechWorld Pvt Ltd,46,ordered,107824,2024-07-07,,2024-06-29 03:55:05
364,140,CA-OL-0370,DigiHub Electronics,186,shipped,7918206,2025-08-28,,2025-08-15 08:53:52
365,432,CA-BO-0042,Visionary Electronics,172,in_transit,110596,2025-01-25,,2025-01-10 02:02:42
366,969,RO-AS-0306,ConnectPro Supplies,120,delivered,1193160,2025-10-07,2025-10-11,2025-09-26 03:38:12
367,58,CA-AN-0686,ElectroMart Solutions,86,ordered,45322,2025-11-22,,2025-11-14 01:49:59
368,920,GA-NI-0092,AudioMax Distributors,83,delivered,2917865,2025-03-12,2025-03-12,2025-02-25 12:15:51
369,364,SP-BO-0468,PrintWorks Pvt Ltd,147,delayed,1641402,2025-08-28,,2025-08-16 12:29:02
370,240,CA-FU-0793,SmartGear Traders,71,shipped,6345554,2025-12-06,,2025-11-23 05:20:21
371,622,PR-BR-0452,SmartGear Traders,47,delivered,255821,2025-07-29,2025-08-01,2025-07-17 14:49:25
372,903,TV-SA-0406,Peripheral Pros,77,ordered,1712865,2024-09-18,,2024-09-07 08:38:45
373,674,SM-SA-0315,ConnectPro Supplies,64,delivered,822976,2024-03-10,2024-03-08,2024-03-04 08:26:49
374,39,GA-SO-0509,PowerTech Distributors,101,delivered,3321991,2024-04-06,2024-04-06,2024-03-30 00:35:22
375,1001,HE-JB-0140,Peripheral Pros,124,delivered,1708224,2024-06-20,2024-06-24,2024-06-13 09:35:11
376,851,MO-MI-0606,Visionary Electronics,119,draft,319515,2025-03-09,,2025-02-28 19:29:33
377,244,TV-LG-0366,AudioMax Distributors,124,ordered,2818024,2024-06-27,,2024-06-21 12:28:42
378,315,PO-ON-0174,Elite Tech Supplies,92,delivered,231196,2024-03-15,2024-03-19,2024-02-29 02:17:41
379,210,ME-KI-0595,PowerTech Distributors,143,in_transit,305448,2025-01-25,,2025-01-17 11:30:45
380,129,KE-ST-0159,TechNova Pvt Ltd,150,shipped,1562100,2024-02-10,,2024-01-28 20:14:02
381,1135,KE-KE-0504,PrintWorks Pvt Ltd,81,in_transit,370656,2024-02-01,,2024-01-21 04:47:28
382,1141,EA-SO-0648,GameZone Distributors,33,ordered,298320,2024-07-29,,2024-07-24 03:32:48
383,597,GA-SO-0036,SmartLife Traders,53,delivered,1444462,2024-09-22,2024-09-23,2024-09-17 21:13:56
384,436,WE-LO-0105,CameraKing Distributors,114,delayed,984048,2025-06-09,,2025-05-30 03:46:04
385,1181,MO-CO-0079,SmartGear Traders,191,shipped,868859,2025-12-26,,2025-12-13 01:41:49
386,546,GA-SO-0033,VisionTech Supplies,155,delayed,4140980,2024-07-31,,2024-07-20 07:06:57
387,604,TV-TC-0325,PrintWorks Pvt Ltd,112,delivered,4913440,2025-08-01,2025-08-06,2025-07-22 22:51:35
388,936,LA-AC-0430,MobileMart Pvt Ltd,128,delivered,4755712,2024-11-28,2024-12-01,2024-11-20 15:06:46
389,276,PR-BR-0533,SmartGear Traders,122,delivered,2177334,2026-01-03,2026-01-03,2025-12-21 21:40:22
390,985,CH-BO-0641,PrintWorks Pvt Ltd,77,delivered,74074,2025-11-21,2025-11-22,2025-11-11 23:47:37
391,796,RO-LI-0453,GameZone Distributors,170,in_transit,1121150,2025-08-22,,2025-08-08 21:17:55
392,751,WE-LO-0105,CameraKing Distributors,49,draft,422968,2026-03-03,,2026-02-20 19:08:32
393,1180,HE-AU-0219,Elite Tech Supplies,71,delivered,460151,2024-07-27,2024-07-28,2024-07-12 00:21:39
394,608,ME-KI-0302,Visionary Electronics,180,in_transit,633960,2024-04-29,,2024-04-21 17:19:43
395,764,SP-BO-0468,PrintWorks Pvt Ltd,18,draft,200988,2025-12-27,,2025-12-18 11:09:47
396,300,MO-LG-0717,VisionTech Supplies,84,in_transit,3321276,2024-01-08,,2024-01-03 15:53:55
397,1005,SP-BO-0675,SmartLife Traders,25,in_transit,740475,2024-10-04,,2024-09-22 21:32:11
398,13,GA-SO-0033,VisionTech Supplies,101,shipped,2698316,2024-08-24,,2024-08-14 04:34:02
399,1080,EA-SO-0648,GameZone Distributors,90,delivered,813600,2025-01-03,2025-01-08,2024-12-24 06:51:39
400,620,SM-AM-0112,VisionTech Supplies,96,in_transit,482016,2025-09-05,,2025-08-28 21:09:30
401,868,SM-SA-0183,SoundPro Solutions,48,delivered,381936,2025-04-20,2025-04-25,2025-04-06 15:48:13
402,557,CA-AN-0049,ElectroMart Solutions,45,shipped,25200,2025-12-28,,2025-12-18 00:23:24
403,260,SP-HA-0226,ConnectPro Supplies,159,draft,530583,2024-12-08,,2024-11-27 12:44:23
404,579,MO-SA-0153,Visionary Electronics,41,delivered,2338681,2025-01-12,2025-01-15,2025-01-01 04:04:02
405,353,CA-AN-0343,ConnectPro Supplies,131,delivered,68120,2025-09-15,2025-09-14,2025-09-02 12:12:25
406,63,ME-SO-0429,Elite Tech Supplies,157,delivered,321222,2024-05-19,2024-05-18,2024-05-14 15:42:53
407,1083,WE-RA-0152,ConnectPro Supplies,31,delivered,172980,2024-10-29,2024-10-29,2024-10-20 22:13:24
408,957,GA-MI-0553,SmartLife Traders,181,delivered,2896000,2025-12-05,2025-12-05,2025-11-30 07:30:46
409,11,CA-BE-0539,ElectroMart Solutions,95,delivered,61560,2025-11-22,2025-11-26,2025-11-08 07:50:34
410,771,LA-MS-0131,SoundPro Solutions,88,shipped,8363784,2024-03-23,,2024-03-16 13:48:30
411,1170,CH-SA-0420,VisionTech Supplies,193,delivered,298185,2024-12-12,2024-12-16,2024-12-07 16:51:37
412,878,KE-DU-0121,Visionary Electronics,78,in_transit,533676,2025-11-14,,2025-10-30 23:20:09
413,515,ME-TR-0037,SmartGear Traders,167,in_transit,212257,2024-04-17,,2024-04-11 06:01:18
414,977,WE-LO-0262,AudioMax Distributors,91,shipped,420420,2025-12-25,,2025-12-10 22:01:52
415,758,EA-AP-0389,MobileMart Pvt Ltd,182,draft,352534,2024-08-01,,2024-07-18 15:11:34
416,1194,GA-SO-0055,Elite Tech Supplies,58,ordered,2241874,2024-03-12,,2024-03-03 14:45:46
417,502,KE-CO-0009,Visionary Electronics,41,ordered,110003,2024-05-11,,2024-05-04 04:52:15
418,45,RO-CI-0768,Visionary Electronics,117,shipped,565344,2024-03-15,,2024-03-02 00:36:32
419,701,PR-BR-0427,MobileMart Pvt Ltd,20,in_transit,215240,2025-08-29,,2025-08-18 13:33:46
420,111,WE-MI-0438,DigiHub Electronics,151,shipped,939975,2025-08-25,,2025-08-12 18:59:08
421,600,TV-SA-0572,AudioMax Distributors,26,shipped,618618,2025-01-01,,2024-12-21 03:17:20
422,1073,RO-AS-0142,SmartLife Traders,130,delivered,1068600,2025-11-27,2025-11-29,2025-11-21 11:48:23
423,720,KE-HP-0178,Peripheral Pros,56,delivered,459984,2025-05-09,2025-05-09,2025-04-24 06:12:40
424,686,EA-ON-0494,TechNova Pvt Ltd,191,delivered,3570363,2025-12-15,2025-12-15,2025-11-30 01:25:34
425,204,TV-SO-0334,GadgetHub India,78,delivered,6076044,2025-02-17,2025-02-16,2025-02-10 09:25:26
426,1013,SM-RE-0021,DigiHub Electronics,107,ordered,3548441,2025-06-28,,2025-06-16 09:57:33
427,377,PR-EP-0106,SoundPro Solutions,178,shipped,5831280,2025-06-01,,2025-05-27 17:32:45
428,993,HE-SE-0200,CameraKing Distributors,64,delivered,705920,2024-07-02,2024-07-01,2024-06-18 19:04:26
429,429,GA-SO-0110,CameraKing Distributors,171,delivered,3953178,2025-06-29,2025-06-30,2025-06-19 22:34:06
430,990,EA-NO-0198,MobileMart Pvt Ltd,43,shipped,604666,2025-02-23,,2025-02-11 21:33:07
431,44,CA-BO-0413,SoundPro Solutions,24,delayed,14424,2025-03-04,,2025-02-20 13:54:57
432,417,PR-BR-0482,Elite Tech Supplies,81,delivered,2969217,2024-06-19,2024-06-24,2024-06-05 18:43:24
433,1191,ME-KI-0582,ConnectPro Supplies,99,draft,173844,2025-06-07,,2025-05-24 23:00:19
434,36,MO-HP-0161,SoundPro Solutions,93,in_transit,577065,2025-01-22,,2025-01-12 09:48:05
435,223,MO-ST-0673,SoundPro Solutions,127,shipped,256921,2025-02-11,,2025-01-31 05:41:31
436,402,TV-SO-0334,GadgetHub India,123,delivered,9581454,2025-06-20,2025-06-24,2025-06-07 23:20:52
437,33,CH-AN-0162,SmartLife Traders,199,draft,286560,2024-04-30,,2024-04-24 00:21:09
438,156,PR-HP-0484,PowerTech Distributors,108,delivered,3576744,2025-11-18,2025-11-21,2025-11-13 20:35:29
439,1157,KE-HP-0481,SmartLife Traders,54,draft,171450,2025-03-08,,2025-02-22 16:26:00
440,346,EA-JA-0258,TechNova Pvt Ltd,20,in_transit,52700,2025-12-08,,2025-12-02 13:24:47
441,879,LA-AC-0430,MobileMart Pvt Ltd,105,delivered,3901170,2024-08-18,2024-08-17,2024-08-13 02:52:26
442,393,MO-HP-0581,ReadMore Supplies,55,draft,690745,2024-02-21,,2024-02-06 23:40:08
443,660,PO-SA-0749,ReadMore Supplies,55,delivered,87340,2024-01-19,2024-01-24,2024-01-10 07:28:58
444,220,MO-RA-0071,Peripheral Pros,53,delivered,268021,2024-02-13,2024-02-18,2024-02-03 09:57:40
445,30,ME-KI-0582,ConnectPro Supplies,95,delivered,166820,2025-01-30,2025-01-30,2025-01-18 06:51:33
446,769,CA-UG-0682,PowerTech Distributors,88,ordered,76560,2024-09-07,,2024-08-25 23:28:34
447,60,PO-AM-0489,GameZone Distributors,76,delivered,75620,2025-06-25,2025-06-26,2025-06-19 04:37:51
448,548,GA-NI-0659,TechNova Pvt Ltd,29,delivered,614945,2025-09-05,2025-09-10,2025-08-25 10:03:04
449,16,LA-MS-0120,AudioMax Distributors,198,delivered,10681506,2025-03-14,2025-03-14,2025-03-04 02:21:39
450,668,WE-RA-0039,Visionary Electronics,167,delivered,789075,2024-08-19,2024-08-20,2024-08-04 13:34:21
451,469,CA-AM-0024,AudioMax Distributors,180,shipped,157500,2025-02-20,,2025-02-10 22:00:59
452,673,SM-AP-0464,MobileMart Pvt Ltd,30,delivered,899940,2024-03-24,2024-03-22,2024-03-13 00:28:30
453,386,PO-AM-0489,GameZone Distributors,79,delivered,78605,2024-05-18,2024-05-16,2024-05-07 05:25:37
454,1125,TA-AM-0170,TechWorld Pvt Ltd,19,draft,853784,2025-04-13,,2025-04-06 10:14:15
455,67,TV-TC-0706,Visionary Electronics,191,ordered,6060048,2025-02-27,,2025-02-13 20:08:49
456,1060,SM-GA-0128,Visionary Electronics,73,delivered,1799012,2025-04-21,2025-04-23,2025-04-08 23:48:51
457,51,CA-CA-0296,GadgetHub India,186,delivered,11893584,2025-02-07,2025-02-08,2025-01-31 17:31:27
458,121,LA-RA-0541,TechWorld Pvt Ltd,181,shipped,20609022,2026-01-09,,2026-01-03 19:48:33
459,100,PO-AM-0690,MobileMart Pvt Ltd,80,shipped,115440,2026-02-02,,2026-01-22 14:54:06
460,1067,EA-JA-0593,ElectroMart Solutions,102,delayed,1717782,2024-05-26,,2024-05-12 16:58:27
461,69,HE-JB-0795,Visionary Electronics,169,delivered,3757039,2025-10-10,2025-10-11,2025-09-26 03:04:44
462,708,TA-MI-0521,ConnectPro Supplies,114,shipped,2016546,2024-03-19,,2024-03-07 19:53:14
463,963,WE-RA-0321,ElectroMart Solutions,21,shipped,116823,2025-08-19,,2025-08-10 13:43:52
464,734,LA-MI-0126,TechWorld Pvt Ltd,39,shipped,5519202,2026-02-19,,2026-02-05 23:55:39
465,575,SM-RE-0207,CameraKing Distributors,54,delivered,4315194,2025-10-07,2025-10-12,2025-09-30 22:13:43
466,1163,HE-PH-0577,AudioMax Distributors,83,in_transit,1112283,2026-01-25,,2026-01-18 20:51:48
467,802,CA-GO-0052,MobileMart Pvt Ltd,172,delivered,10497676,2025-01-09,2025-01-13,2024-12-25 21:58:31
468,1188,CA-BO-0139,GadgetHub India,48,delivered,28320,2025-07-22,2025-07-23,2025-07-15 03:26:50
469,18,CA-AN-0754,ReadMore Supplies,35,delivered,22645,2024-08-24,2024-08-22,2024-08-15 12:28:53
470,427,SM-AP-0175,MobileMart Pvt Ltd,200,in_transit,2923000,2024-11-30,,2024-11-19 09:07:03
471,208,TA-XI-0184,SmartLife Traders,135,delivered,5914215,2024-10-23,2024-10-27,2024-10-13 16:24:56
472,639,SM-GA-0419,ElectroMart Solutions,72,delivered,1303848,2025-07-17,2025-07-17,2025-07-09 19:16:44
473,1131,CA-PA-0712,SoundPro Solutions,196,delivered,5454680,2025-04-01,2025-04-02,2025-03-20 20:28:10
474,923,KE-ST-0215,ReadMore Supplies,136,shipped,1087456,2024-10-28,,2024-10-22 05:41:02
475,798,TA-MI-0165,SmartLife Traders,192,delivered,1766400,2024-10-30,2024-11-03,2024-10-16 09:06:58
476,294,SM-VI-0281,TechNova Pvt Ltd,77,shipped,6424572,2025-09-10,,2025-09-03 22:42:03
477,90,SM-NO-0662,ElectroMart Solutions,89,delivered,4458099,2025-07-18,2025-07-20,2025-07-10 04:34:00
478,246,PR-CA-0310,AudioMax Distributors,116,in_transit,2349464,2024-03-23,,2024-03-08 14:09:32
479,1065,MO-LO-0563,GameZone Distributors,52,delivered,187772,2024-05-16,2024-05-19,2024-05-02 08:46:09
480,874,RO-TP-0800,CameraKing Distributors,130,delivered,1189370,2024-05-17,2024-05-19,2024-05-05 22:00:26
481,733,TV-SA-0406,Peripheral Pros,131,delivered,2914095,2024-09-03,2024-09-02,2024-08-25 05:22:47
482,573,CH-BO-0532,VisionTech Supplies,73,delivered,74533,2024-12-23,2024-12-25,2024-12-12 04:09:13
483,345,LA-LE-0398,SmartGear Traders,121,ordered,6077467,2025-09-11,,2025-08-29 10:47:27
484,296,MO-AC-0249,VisionTech Supplies,66,delivered,4091538,2025-09-24,2025-09-24,2025-09-19 15:40:54
485,1132,MO-SA-0604,PowerTech Distributors,195,shipped,3502980,2024-10-06,,2024-09-25 16:20:33
486,710,GA-SO-0736,Visionary Electronics,65,ordered,1816230,2025-09-02,,2025-08-23 14:03:09
487,647,MO-DE-0063,Visionary Electronics,51,shipped,39168,2025-07-07,,2025-06-25 16:35:59
488,411,CA-CA-0534,GadgetHub India,120,shipped,6396240,2025-04-15,,2025-04-09 19:29:55
489,418,SM-VI-0475,MobileMart Pvt Ltd,192,in_transit,11432064,2026-01-25,,2026-01-17 20:06:24
490,650,GA-SO-0763,ConnectPro Supplies,101,shipped,2984853,2024-05-05,,2024-04-21 19:04:35
491,700,SP-HA-0597,ConnectPro Supplies,120,delivered,2477880,2024-12-08,2024-12-11,2024-11-24 17:58:06
492,1063,CA-BO-0139,GadgetHub India,39,ordered,23010,2024-08-18,,2024-08-09 22:12:08
493,401,WE-RA-0321,ElectroMart Solutions,68,delivered,378284,2026-02-28,2026-03-04,2026-02-19 21:16:21
494,698,TV-XI-0603,ConnectPro Supplies,171,delayed,20155086,2025-06-10,,2025-06-03 16:42:35
495,691,GA-SO-0375,TechNova Pvt Ltd,51,delivered,1895670,2025-12-07,2025-12-10,2025-11-25 22:55:40
496,370,SP-SO-0404,SoundPro Solutions,177,ordered,1798851,2025-03-03,,2025-02-23 08:39:22
497,238,MO-DE-0001,PowerTech Distributors,12,ordered,416112,2025-10-14,,2025-10-07 12:31:43
498,85,WE-LO-0566,Elite Tech Supplies,107,delivered,483961,2025-11-05,2025-11-10,2025-10-27 13:32:55
499,703,WE-HP-0446,PowerTech Distributors,132,delivered,1252812,2024-09-14,2024-09-17,2024-08-30 20:57:28
500,1164,CH-SA-0420,VisionTech Supplies,105,delivered,162225,2024-12-01,2024-12-01,2024-11-17 05:55:36
501,1090,KE-ST-0474,ElectroMart Solutions,166,delivered,843280,2024-10-10,2024-10-10,2024-10-02 19:09:09
502,21,TA-AP-0180,ConnectPro Supplies,188,in_transit,4930488,2024-04-14,,2024-04-09 01:58:34
503,233,PO-ON-0535,Visionary Electronics,30,delivered,54960,2024-05-26,2024-05-30,2024-05-12 21:01:28
504,671,SP-SO-0404,SoundPro Solutions,145,in_transit,1473635,2026-02-22,,2026-02-07 15:57:58
505,999,TV-XI-0603,ConnectPro Supplies,95,draft,11197270,2024-04-14,,2024-04-07 09:50:57
506,992,LA-RA-0382,DigiHub Electronics,195,delivered,14436630,2025-11-11,2025-11-11,2025-10-30 22:52:40
507,1015,KE-RA-0614,VisionTech Supplies,169,delivered,983580,2025-10-04,2025-10-02,2025-09-25 22:23:00
508,205,TV-SA-0654,Visionary Electronics,174,delivered,3219000,2024-09-14,2024-09-17,2024-08-31 17:03:54
509,363,RO-CI-0745,Visionary Electronics,116,draft,873480,2025-03-06,,2025-02-25 22:56:21
510,492,SP-UL-0557,Visionary Electronics,22,in_transit,589666,2025-06-25,,2025-06-17 23:41:46
511,723,RO-CI-0768,Visionary Electronics,16,delivered,77312,2024-08-24,2024-08-29,2024-08-10 04:09:12
512,997,TV-TC-0268,ReadMore Supplies,180,delivered,20518920,2025-02-10,2025-02-15,2025-02-04 12:31:58
513,709,TV-SO-0776,MobileMart Pvt Ltd,23,delivered,1836895,2025-11-23,2025-11-21,2025-11-17 00:04:14
514,485,EA-AN-0276,VisionTech Supplies,140,ordered,594860,2024-03-26,,2024-03-18 04:15:47
515,649,KE-CO-0009,Visionary Electronics,112,delayed,300496,2024-02-09,,2024-01-28 02:12:12
516,1043,MO-LO-0006,GameZone Distributors,161,shipped,165830,2025-11-29,,2025-11-20 17:18:14
517,356,LA-MI-0171,SoundPro Solutions,106,delivered,11878784,2025-03-07,2025-03-10,2025-02-27 19:37:29
518,257,CA-BO-0166,DigiHub Electronics,29,delayed,7395,2024-08-12,,2024-08-01 15:34:14
519,539,CH-BO-0596,ConnectPro Supplies,98,in_transit,144060,2024-01-23,,2024-01-14 03:53:35
520,736,CA-CA-0534,GadgetHub India,36,delivered,1918872,2024-10-09,2024-10-12,2024-10-02 22:58:01
521,110,GA-SO-0512,Elite Tech Supplies,154,shipped,2890272,2024-03-19,,2024-03-07 20:06:20
522,27,PO-SA-0379,SmartGear Traders,104,shipped,340912,2024-11-28,,2024-11-14 13:23:28
523,689,CA-SO-0455,SoundPro Solutions,77,delivered,7164311,2025-04-24,2025-04-27,2025-04-12 15:02:38
524,295,SM-MO-0245,AudioMax Distributors,58,delivered,3621114,2025-12-03,2025-12-06,2025-11-21 14:26:41
525,446,LA-AS-0072,Visionary Electronics,13,delayed,542386,2025-06-30,,2025-06-18 20:40:09
526,183,CA-ON-0285,SoundPro Solutions,45,delivered,14715,2025-10-22,2025-10-21,2025-10-17 13:05:42
527,988,HE-BE-0167,TechWorld Pvt Ltd,19,delivered,316369,2025-05-03,2025-05-02,2025-04-20 19:06:38
528,102,PO-SA-0506,AudioMax Distributors,129,delivered,173763,2025-10-02,2025-10-06,2025-09-22 13:05:06
529,26,SM-ON-0169,DigiHub Electronics,71,ordered,2171677,2024-12-20,,2024-12-09 05:39:42
530,139,CA-BO-0498,VisionTech Supplies,103,delivered,116596,2025-01-18,2025-01-20,2025-01-04 10:12:40
531,1165,HE-SK-0678,SmartGear Traders,56,draft,608832,2025-06-15,,2025-06-01 11:39:18
532,1,MO-MI-0680,GameZone Distributors,129,shipped,643581,2025-05-09,,2025-05-03 09:31:00
533,455,WE-MI-0438,DigiHub Electronics,25,in_transit,155625,2025-03-06,,2025-02-26 11:56:49
534,1089,MO-AC-0116,Peripheral Pros,129,delayed,4796865,2024-06-16,,2024-06-09 18:25:27
535,626,EA-BO-0225,ReadMore Supplies,14,delivered,243362,2025-08-13,2025-08-12,2025-08-06 11:13:33
536,360,MO-BE-0525,SoundPro Solutions,130,shipped,3762070,2024-02-12,,2024-02-06 15:58:12
537,938,ME-SO-0041,ConnectPro Supplies,43,delivered,138761,2025-06-21,2025-06-22,2025-06-12 17:00:19
538,247,CH-AN-0771,GameZone Distributors,197,delivered,157403,2025-02-16,2025-02-19,2025-02-03 12:02:38
539,808,MO-ST-0218,TechWorld Pvt Ltd,28,in_transit,156492,2025-04-14,,2025-04-05 04:44:38
540,558,WE-RA-0048,GadgetHub India,144,in_transit,472032,2025-01-17,,2025-01-06 22:37:37
541,23,SM-SA-0543,PrintWorks Pvt Ltd,192,in_transit,5855040,2024-08-19,,2024-08-07 14:46:40
542,1107,CA-GO-0448,Visionary Electronics,54,in_transit,1569294,2026-03-11,,2026-02-27 10:13:42
543,308,TV-PA-0193,ConnectPro Supplies,75,in_transit,1895550,2025-04-07,,2025-03-27 04:03:51
544,310,GA-SO-0562,ElectroMart Solutions,24,delivered,587160,2024-03-23,2024-03-28,2024-03-18 13:21:31
545,739,MO-MI-0374,VisionTech Supplies,31,in_transit,145421,2024-05-01,,2024-04-17 03:42:08
546,952,SP-JB-0670,PowerTech Distributors,88,delivered,2359016,2024-06-13,2024-06-14,2024-06-02 18:35:11
547,1026,TV-SO-0778,VisionTech Supplies,107,ordered,15477443,2025-11-07,,2025-10-26 04:10:29
548,813,SM-ON-0576,GadgetHub India,182,in_transit,1909180,2025-06-03,,2025-05-26 13:34:27
549,633,KE-ST-0600,GadgetHub India,77,delivered,731962,2026-01-29,2026-01-28,2026-01-17 10:53:32
550,120,MO-ST-0099,TechWorld Pvt Ltd,183,in_transit,776652,2025-08-08,,2025-08-01 23:43:08
551,1106,CA-BO-0139,GadgetHub India,77,in_transit,45430,2025-10-19,,2025-10-12 00:12:12
552,229,TV-PA-0236,SmartGear Traders,55,in_transit,6926425,2025-05-19,,2025-05-06 05:16:59
553,157,CA-AN-0639,SmartLife Traders,28,in_transit,9492,2024-02-02,,2024-01-28 09:43:26
554,788,SP-JB-0650,SmartLife Traders,85,in_transit,1739270,2025-08-13,,2025-08-02 18:12:46
555,155,EA-JA-0258,TechNova Pvt Ltd,28,in_transit,73780,2025-05-29,,2025-05-19 05:12:48
556,37,RO-TP-0671,AudioMax Distributors,151,delivered,1251639,2026-01-29,2026-01-31,2026-01-16 02:14:26
557,1037,EA-JA-0228,ConnectPro Supplies,109,delivered,1461690,2024-01-27,2024-01-27,2024-01-20 06:02:51
558,138,RO-TP-0671,AudioMax Distributors,132,in_transit,1094148,2024-11-17,,2024-11-11 16:11:11
559,892,SM-SA-0543,PrintWorks Pvt Ltd,95,in_transit,2897025,2025-08-28,,2025-08-21 16:25:21
560,53,RO-CI-0016,GameZone Distributors,17,delivered,97835,2025-01-11,2025-01-12,2025-01-01 09:38:18
561,656,LA-MI-0057,SmartLife Traders,40,delayed,5329360,2024-10-13,,2024-09-29 14:19:05
562,326,MO-BE-0085,TechWorld Pvt Ltd,137,in_transit,1785932,2024-09-15,,2024-09-09 20:45:08
563,883,TA-AP-0253,Visionary Electronics,129,delivered,5576799,2025-05-15,2025-05-15,2025-05-10 00:13:38
564,962,HE-SK-0737,GadgetHub India,85,delivered,428995,2025-08-24,2025-08-22,2025-08-15 03:44:14
565,860,GA-MI-0553,SmartLife Traders,177,delayed,2832000,2024-08-19,,2024-08-08 02:46:47
566,285,RO-AS-0564,PrintWorks Pvt Ltd,11,shipped,93698,2024-01-20,,2024-01-06 17:29:38
567,1123,WE-RA-0214,ElectroMart Solutions,40,delivered,88880,2026-02-09,2026-02-14,2026-01-29 08:26:54
568,1108,GA-NI-0644,Visionary Electronics,179,in_transit,6686008,2025-12-07,,2025-11-30 04:34:52
569,64,PO-RE-0507,CameraKing Distributors,77,draft,277585,2024-01-22,,2024-01-13 19:19:56
570,339,SM-AP-0282,GameZone Distributors,130,in_transit,1536470,2026-01-29,,2026-01-17 22:39:20
571,801,CA-BO-0084,Peripheral Pros,108,delivered,22140,2025-06-20,2025-06-22,2025-06-06 20:42:06
572,309,RO-CI-0016,GameZone Distributors,151,in_transit,869005,2024-09-03,,2024-08-21 15:33:59
573,747,PR-EP-0431,TechNova Pvt Ltd,154,in_transit,1098790,2024-02-27,,2024-02-21 08:11:26
574,349,ME-TR-0746,ConnectPro Supplies,75,delivered,70800,2024-07-28,2024-07-31,2024-07-15 03:37:54
575,365,PR-EP-0653,PowerTech Distributors,37,in_transit,1207754,2025-02-13,,2025-02-04 15:01:29
576,291,TA-SA-0792,ConnectPro Supplies,157,delivered,3013929,2024-11-20,2024-11-21,2024-11-10 23:55:04
577,93,KE-HP-0178,Peripheral Pros,60,ordered,492840,2025-03-08,,2025-03-02 20:08:01
578,405,SM-FI-0565,Elite Tech Supplies,65,delivered,118300,2025-03-19,2025-03-20,2025-03-07 17:54:05
579,448,PO-AM-0690,MobileMart Pvt Ltd,189,delivered,272727,2025-01-24,2025-01-28,2025-01-10 11:28:35
580,794,PR-EP-0106,SoundPro Solutions,165,shipped,5405400,2024-04-25,,2024-04-10 09:22:46
581,1115,MO-LO-0611,SoundPro Solutions,69,delivered,221490,2026-01-14,2026-01-17,2026-01-05 01:55:25
582,420,KE-HP-0594,PowerTech Distributors,121,delivered,411037,2025-09-16,2025-09-16,2025-09-06 06:19:36
583,536,CA-BO-0166,DigiHub Electronics,149,delivered,37995,2024-11-16,2024-11-20,2024-11-02 02:25:03
584,428,CA-AM-0759,Visionary Electronics,184,delivered,49680,2026-02-25,2026-03-01,2026-02-19 11:56:40
585,551,EA-JA-0725,ElectroMart Solutions,77,in_transit,50820,2024-10-05,,2024-09-25 11:10:16
586,1144,MO-CO-0790,TechWorld Pvt Ltd,159,in_transit,573195,2024-09-24,,2024-09-15 07:17:29
587,926,ME-SA-0058,ElectroMart Solutions,192,delivered,250944,2024-11-14,2024-11-17,2024-11-06 16:46:39
588,412,ME-KI-0302,Visionary Electronics,26,ordered,91572,2025-05-15,,2025-05-05 09:27:07
589,399,LA-AS-0034,CameraKing Distributors,25,delivered,1339825,2024-04-27,2024-04-30,2024-04-22 22:42:46
590,407,EA-NO-0691,VisionTech Supplies,81,delivered,421767,2024-05-24,2024-05-26,2024-05-17 15:30:21
591,,KE-RA-0341,Visionary Electronics,65,delivered,657735,2025-11-23,2025-11-27,2025-11-18 15:15:33
592,,PR-CA-0743,Peripheral Pros,29,ordered,651659,2024-01-29,,2024-01-19 16:24:12
593,,PO-RE-0561,Peripheral Pros,31,delivered,71579,2026-02-27,2026-03-04,2026-02-17 02:44:10
594,,WE-CR-0472,DigiHub Electronics,62,shipped,95046,2025-05-20,,2025-05-08 14:17:04
595,,TA-SA-0424,GameZone Distributors,153,delivered,6864957,2025-03-10,2025-03-11,2025-03-02 10:26:54
596,,TV-XI-0032,AudioMax Distributors,144,delivered,3951216,2025-06-25,2025-06-25,2025-06-20 22:12:13
597,,CA-BE-0539,ElectroMart Solutions,97,shipped,62856,2025-03-01,,2025-02-16 19:49:10
598,,PR-BR-0699,ConnectPro Supplies,53,delivered,1046114,2026-01-20,2026-01-19,2026-01-06 22:59:49
599,,CA-GO-0243,SmartGear Traders,108,in_transit,10051560,2025-09-24,,2025-09-19 20:50:27
600,,TA-RE-0722,Elite Tech Supplies,187,delivered,10848244,2025-07-14,2025-07-17,2025-07-03 01:25:04
601,,KE-DE-0383,ElectroMart Solutions,43,in_transit,150543,2024-05-03,,2024-04-25 03:32:36
602,,EA-BO-0225,ReadMore Supplies,146,delivered,2537918,2026-02-09,2026-02-07,2026-02-02 06:01:37
603,,EA-SO-0558,VisionTech Supplies,33,delivered,449724,2025-03-19,2025-03-19,2025-03-08 18:11:42
604,,PR-CA-0714,Elite Tech Supplies,114,in_transit,1477782,2024-05-29,,2024-05-21 03:30:43
605,,CA-AM-0047,PrintWorks Pvt Ltd,125,delivered,139875,2024-08-12,2024-08-12,2024-07-29 08:48:17
606,,GA-SO-0512,Elite Tech Supplies,135,delivered,2533680,2024-08-15,2024-08-16,2024-08-05 14:51:26
607,,SM-BO-0239,SmartLife Traders,158,delivered,419016,2025-11-13,2025-11-16,2025-10-31 17:26:13
608,,KE-RA-0365,SmartLife Traders,62,shipped,305598,2025-06-30,,2025-06-20 00:19:05
609,,MO-DE-0552,PrintWorks Pvt Ltd,30,delivered,97620,2025-04-12,2025-04-12,2025-04-07 21:45:17
610,,LA-HP-0355,Visionary Electronics,179,in_transit,15335467,2025-11-21,,2025-11-13 09:25:23
611,,SP-BO-0495,DigiHub Electronics,73,in_transit,1097409,2025-09-10,,2025-09-02 15:58:03
612,,PR-BR-0699,ConnectPro Supplies,46,delivered,907948,2025-03-08,2025-03-07,2025-03-02 15:59:51
613,,GA-SO-0036,SmartLife Traders,142,in_transit,3870068,2024-09-20,,2024-09-12 20:34:04
614,,LA-DE-0516,Elite Tech Supplies,150,in_transit,17471400,2024-07-22,,2024-07-12 02:56:29
615,,TV-SO-0776,MobileMart Pvt Ltd,153,ordered,12219345,2024-02-18,,2024-02-04 12:31:59
616,,LA-MS-0120,AudioMax Distributors,193,in_transit,10411771,2025-09-06,,2025-08-26 13:35:31
617,,SM-AP-0150,AudioMax Distributors,154,in_transit,5462226,2024-10-08,,2024-09-29 00:45:43
618,,KE-ST-0766,VisionTech Supplies,72,delivered,47160,2024-02-09,2024-02-14,2024-01-25 12:32:54
619,,KE-DE-0439,DigiHub Electronics,86,delayed,355782,2025-03-23,,2025-03-17 19:54:14
620,,LA-HP-0589,SmartLife Traders,164,delivered,22021592,2025-01-17,2025-01-19,2025-01-10 00:48:54
621,,ME-SO-0074,PowerTech Distributors,91,draft,426153,2024-05-24,,2024-05-15 15:05:55
622,,KE-DE-0439,DigiHub Electronics,34,delivered,140658,2024-03-05,2024-03-06,2024-02-20 14:46:56
623,,LA-MS-0120,AudioMax Distributors,182,in_transit,9818354,2024-05-27,,2024-05-12 22:45:02
624,,MO-DE-0443,PrintWorks Pvt Ltd,183,shipped,8288070,2025-06-21,,2025-06-12 19:04:47
625,,PO-SY-0287,Peripheral Pros,177,delivered,84252,2025-08-24,2025-08-22,2025-08-11 20:45:21
626,,CH-ON-0780,TechNova Pvt Ltd,43,delivered,13373,2025-02-22,2025-02-27,2025-02-11 03:45:19
627,,GA-SO-0144,Peripheral Pros,130,draft,4688710,2025-09-27,,2025-09-21 23:27:08
628,,CH-SA-0420,VisionTech Supplies,96,in_transit,148320,2025-06-19,,2025-06-11 00:02:49
629,,WE-RA-0048,GadgetHub India,56,draft,183568,2025-07-23,,2025-07-11 02:46:43
630,,CA-GO-0289,SmartGear Traders,101,delivered,10452692,2024-09-02,2024-09-03,2024-08-20 09:32:02
631,,MO-ST-0385,CameraKing Distributors,28,delivered,111972,2024-07-22,2024-07-26,2024-07-15 22:26:22
632,,GA-NI-0092,AudioMax Distributors,136,delivered,4781080,2025-04-27,2025-04-26,2025-04-16 12:14:05
633,,RO-CI-0157,GadgetHub India,123,delivered,746856,2024-05-23,2024-05-28,2024-05-12 02:42:10
634,,LA-LE-0784,GameZone Distributors,96,shipped,5303904,2025-08-29,,2025-08-18 17:19:52
635,,TA-AM-0755,PrintWorks Pvt Ltd,185,in_transit,3685200,2025-10-27,,2025-10-19 10:21:03
636,,EA-BO-0612,TechNova Pvt Ltd,85,delayed,339915,2025-07-13,,2025-07-03 18:48:34
637,,RO-CI-0768,Visionary Electronics,63,in_transit,304416,2025-02-22,,2025-02-07 08:29:56
638,,PO-SA-0749,ReadMore Supplies,155,shipped,246140,2025-07-06,,2025-07-01 23:00:18
639,,GA-SO-0036,SmartLife Traders,45,delivered,1226430,2025-04-12,2025-04-11,2025-04-05 08:55:49
640,,EA-SO-0648,GameZone Distributors,115,in_transit,1039600,2025-10-18,,2025-10-11 17:41:14
641,,SM-AP-0094,TechNova Pvt Ltd,52,shipped,521924,2024-02-10,,2024-01-29 21:42:53
642,,CA-UG-0450,MobileMart Pvt Ltd,82,delivered,85034,2025-11-30,2025-12-05,2025-11-21 00:51:16
643,,EA-JA-0258,TechNova Pvt Ltd,138,delivered,363630,2024-04-26,2024-04-26,2024-04-12 08:51:55
644,,TV-ON-0104,GadgetHub India,15,delayed,670335,2025-03-03,,2025-02-22 06:17:09
645,,RO-LI-0298,TechNova Pvt Ltd,75,in_transit,601650,2025-05-09,,2025-04-24 00:23:38
646,,PO-AN-0384,CameraKing Distributors,133,in_transit,454860,2025-05-08,,2025-05-03 21:12:19
647,,KE-RA-0614,VisionTech Supplies,90,shipped,523800,2024-12-17,,2024-12-10 01:22:27
648,,MO-SA-0201,PowerTech Distributors,51,delivered,513570,2025-03-06,2025-03-05,2025-02-23 16:58:23
649,,SM-XI-0012,MobileMart Pvt Ltd,196,delivered,14509684,2024-08-08,2024-08-07,2024-08-03 03:32:31
650,,CA-SO-0380,SoundPro Solutions,23,delivered,2235255,2024-12-01,2024-12-04,2024-11-20 06:07:46
651,,KE-HP-0730,Peripheral Pros,113,delivered,966941,2025-03-16,2025-03-20,2025-03-05 09:56:51
652,,GA-MI-0553,SmartLife Traders,200,delivered,3200000,2025-10-14,2025-10-13,2025-10-05 04:32:15
653,,ME-SA-0607,AudioMax Distributors,197,shipped,836068,2025-07-13,,2025-07-08 13:20:33
654,,CA-AN-0686,ElectroMart Solutions,89,delivered,46903,2025-11-16,2025-11-20,2025-11-01 08:58:37
655,,TA-MI-0465,TechWorld Pvt Ltd,15,delivered,626640,2024-09-11,2024-09-09,2024-09-04 21:10:43
656,,CA-GO-0289,SmartGear Traders,187,delivered,19353004,2024-09-23,2024-09-25,2024-09-17 17:08:10
657,,SM-GA-0002,SoundPro Solutions,134,shipped,4351248,2025-02-28,,2025-02-18 09:01:57
658,,PO-SA-0683,GameZone Distributors,174,delivered,307458,2024-12-30,2024-12-28,2024-12-18 04:50:46
659,,TA-SA-0792,ConnectPro Supplies,21,in_transit,403137,2024-10-24,,2024-10-14 19:29:45
660,,KE-CO-0009,Visionary Electronics,195,delivered,523185,2024-02-17,2024-02-21,2024-02-03 10:34:34
661,,KE-HP-0789,PowerTech Distributors,14,shipped,45920,2025-07-14,,2025-07-08 15:07:14
662,,SM-RE-0486,DigiHub Electronics,106,delivered,1548236,2025-07-21,2025-07-26,2025-07-08 22:59:53
663,,MO-AC-0249,VisionTech Supplies,144,delivered,8926992,2024-08-23,2024-08-23,2024-08-08 12:52:21
664,,WE-CR-0698,SmartGear Traders,88,delivered,745272,2024-07-09,2024-07-10,2024-07-02 13:53:02
665,,EA-AN-0387,GadgetHub India,31,in_transit,341527,2025-05-26,,2025-05-12 20:10:48
666,,SP-JB-0650,SmartLife Traders,134,delivered,2741908,2024-09-11,2024-09-15,2024-09-05 19:26:05
667,,KE-ST-0668,PrintWorks Pvt Ltd,85,delivered,435455,2026-01-27,2026-01-30,2026-01-14 11:58:43
668,,GA-NI-0416,SmartGear Traders,116,delayed,2648280,2024-10-30,,2024-10-25 21:14:08
669,,CA-NI-0634,MobileMart Pvt Ltd,53,delivered,3070237,2024-06-21,2024-06-24,2024-06-14 06:30:19
670,,PR-XE-0567,GameZone Distributors,130,in_transit,1700660,2024-09-23,,2024-09-09 02:24:34
671,,LA-HP-0082,PowerTech Distributors,179,delivered,19268455,2026-01-24,2026-01-23,2026-01-15 06:38:37
672,,TA-AM-0755,PrintWorks Pvt Ltd,200,in_transit,3984000,2025-04-30,,2025-04-25 23:12:50
673,,RO-CI-0610,CameraKing Distributors,102,ordered,362100,2025-06-04,,2025-05-26 02:11:16
674,,EA-ON-0494,TechNova Pvt Ltd,118,in_transit,2205774,2026-03-04,,2026-02-23 05:16:08
675,,TA-AM-0645,VisionTech Supplies,77,delivered,3515204,2024-05-23,2024-05-22,2024-05-12 04:22:30
676,,CA-BO-0084,Peripheral Pros,24,shipped,4920,2024-06-15,,2024-06-08 10:38:02
677,,PR-BR-0179,TechWorld Pvt Ltd,194,delivered,4737674,2024-08-08,2024-08-07,2024-07-29 05:31:51
678,,PO-AM-0514,SmartGear Traders,104,in_transit,347256,2025-08-27,,2025-08-14 07:33:16
679,,SM-GO-0195,VisionTech Supplies,128,shipped,8355456,2024-01-22,,2024-01-10 09:56:08
680,,SM-SA-0631,Elite Tech Supplies,72,delivered,436608,2025-11-13,2025-11-17,2025-11-07 08:26:07
681,,LA-MI-0378,SmartGear Traders,145,shipped,8078240,2024-01-30,,2024-01-15 13:42:04
682,,GA-MI-0053,Peripheral Pros,143,shipped,3328611,2024-02-18,,2024-02-04 15:29:54
683,,HE-SK-0331,DigiHub Electronics,35,shipped,422905,2024-06-03,,2024-05-19 10:04:02
684,,MO-LO-0611,SoundPro Solutions,197,delivered,632370,2024-06-20,2024-06-21,2024-06-15 12:46:53
685,,CH-SA-0149,DigiHub Electronics,126,delivered,60354,2025-01-31,2025-01-29,2025-01-22 14:36:53
686,,CH-ON-0780,TechNova Pvt Ltd,23,ordered,7153,2024-12-21,,2024-12-11 00:30:26
687,,WE-LO-0105,CameraKing Distributors,87,in_transit,750984,2026-01-24,,2026-01-09 10:37:04
688,,KE-ST-0766,VisionTech Supplies,189,delivered,123795,2024-07-27,2024-07-29,2024-07-20 23:43:59
689,,MO-HP-0466,ElectroMart Solutions,110,ordered,237160,2025-03-23,,2025-03-18 05:44:23
690,,SP-HA-0134,SmartGear Traders,93,ordered,1675581,2024-07-06,,2024-06-22 11:04:52
691,,WE-RA-0048,GadgetHub India,143,delivered,468754,2025-11-30,2025-12-01,2025-11-19 03:24:02
692,,WE-MI-0077,GameZone Distributors,15,delivered,100125,2025-02-07,2025-02-11,2025-01-31 16:05:45
693,,TA-AP-0005,Elite Tech Supplies,28,shipped,618240,2026-02-18,,2026-02-09 01:02:46
694,,HE-SO-0586,TechWorld Pvt Ltd,195,delivered,1447095,2025-04-15,2025-04-17,2025-04-01 12:22:23
695,,KE-KE-0098,Elite Tech Supplies,78,draft,671112,2025-08-07,,2025-08-02 06:28:10
696,,SP-SO-0554,AudioMax Distributors,153,in_transit,4239477,2024-02-21,,2024-02-09 21:01:12
697,,HE-BE-0772,Peripheral Pros,163,in_transit,2715743,2026-02-21,,2026-02-10 21:33:32
698,,LA-MI-0126,TechWorld Pvt Ltd,55,shipped,7783490,2024-08-31,,2024-08-22 12:40:23
699,,SP-HA-0134,SmartGear Traders,118,draft,2126006,2025-05-12,,2025-05-06 06:48:57
700,,CA-BO-0042,Visionary Electronics,25,in_transit,16075,2024-08-23,,2024-08-08 01:29:18
701,,MO-RA-0030,SmartLife Traders,87,ordered,60204,2025-04-21,,2025-04-13 01:47:39
702,,SM-GO-0361,PrintWorks Pvt Ltd,113,draft,3017439,2024-07-23,,2024-07-14 19:18:23
703,,WE-MI-0393,Visionary Electronics,68,delivered,507620,2024-11-09,2024-11-12,2024-11-03 16:38:25
704,,CA-AM-0759,Visionary Electronics,15,delivered,4050,2025-08-05,2025-08-06,2025-07-29 04:47:10
705,,GA-SO-0736,Visionary Electronics,177,in_transit,4945734,2025-04-12,,2025-03-31 13:28:24
706,,LA-HP-0386,GadgetHub India,59,shipped,1543499,2024-04-04,,2024-03-30 08:19:14
707,,EA-NO-0305,SmartLife Traders,75,delivered,409125,2024-02-29,2024-02-29,2024-02-14 04:33:42
708,,CA-AM-0024,AudioMax Distributors,193,draft,168875,2025-11-20,,2025-11-10 09:46:05
709,,GA-SO-0144,Peripheral Pros,150,delivered,5410050,2024-12-15,2024-12-15,2024-11-30 14:09:40
710,,CH-RE-0327,ElectroMart Solutions,13,in_transit,22087,2025-11-27,,2025-11-19 09:51:29
711,,ME-KI-0582,ConnectPro Supplies,170,delivered,298520,2024-12-07,2024-12-07,2024-11-25 23:01:54
712,,CA-AN-0343,ConnectPro Supplies,75,in_transit,39000,2025-06-19,,2025-06-12 01:27:36
713,,MO-RA-0447,Visionary Electronics,51,draft,128316,2025-01-18,,2025-01-06 16:25:19
714,,ME-SO-0458,Peripheral Pros,92,delayed,246008,2025-07-25,,2025-07-11 04:09:26
715,,LA-LE-0784,GameZone Distributors,61,delivered,3370189,2024-04-26,2024-04-28,2024-04-13 05:22:15
716,,GA-MI-0617,ElectroMart Solutions,74,delivered,2947938,2024-02-02,2024-02-07,2024-01-22 10:57:28
717,,CH-BE-0471,PrintWorks Pvt Ltd,54,delivered,52164,2024-05-05,2024-05-03,2024-04-25 11:00:52
718,,SM-BO-0651,SmartGear Traders,115,in_transit,1868635,2025-09-01,,2025-08-17 10:01:00
719,,CA-BO-0451,GameZone Distributors,28,in_transit,13496,2025-01-19,,2025-01-06 18:01:55
720,,MO-ST-0719,MobileMart Pvt Ltd,164,delivered,325212,2024-08-22,2024-08-20,2024-08-14 23:26:05
721,,PO-ON-0540,GameZone Distributors,70,shipped,157080,2025-01-20,,2025-01-11 14:46:17
722,,RO-AS-0306,ConnectPro Supplies,154,shipped,1531222,2024-10-30,,2024-10-20 06:13:37
723,,CH-AN-0210,GadgetHub India,62,shipped,128092,2025-02-19,,2025-02-11 01:23:14
724,,CA-UG-0323,Elite Tech Supplies,25,in_transit,15450,2024-10-08,,2024-10-03 12:14:23
725,,WE-MI-0796,SmartLife Traders,144,delivered,574272,2024-04-28,2024-04-30,2024-04-20 19:41:07
726,,RO-CI-0745,Visionary Electronics,171,ordered,1287630,2025-08-29,,2025-08-17 13:22:27
727,,SM-BO-0172,GameZone Distributors,179,draft,3005768,2026-02-09,,2026-02-01 11:20:16
728,,SM-OP-0501,TechNova Pvt Ltd,156,delivered,8445684,2025-09-19,2025-09-21,2025-09-10 16:03:13
729,,PR-BR-0051,TechNova Pvt Ltd,72,delivered,2014056,2025-05-09,2025-05-10,2025-04-28 04:21:52
730,,MO-HP-0044,ReadMore Supplies,142,in_transit,270794,2024-10-02,,2024-09-22 22:42:47
731,,WE-HP-0360,MobileMart Pvt Ltd,120,delivered,976200,2025-02-18,2025-02-17,2025-02-12 20:59:03
732,,HE-PH-0577,AudioMax Distributors,37,delivered,495837,2024-08-28,2024-08-27,2024-08-16 22:33:07
733,,GA-SO-0375,TechNova Pvt Ltd,194,ordered,7210980,2024-10-23,,2024-10-14 17:37:12
734,,HE-SK-0060,Visionary Electronics,84,delayed,1244292,2025-12-17,,2025-12-09 17:34:39
735,,WE-RA-0152,ConnectPro Supplies,138,delivered,770040,2025-11-12,2025-11-13,2025-10-30 13:56:04
736,,ME-SA-0141,VisionTech Supplies,38,delivered,115330,2024-12-06,2024-12-06,2024-11-24 00:06:59
737,,PO-AM-0277,Visionary Electronics,88,shipped,96624,2024-12-06,,2024-11-26 19:30:17
738,,MO-LO-0006,GameZone Distributors,89,delivered,91670,2025-04-14,2025-04-13,2025-04-01 13:45:20
739,,TV-SO-0778,VisionTech Supplies,134,shipped,19382966,2024-01-30,,2024-01-15 00:18:16
740,,MO-AC-0249,VisionTech Supplies,150,in_transit,9298950,2025-04-08,,2025-03-30 18:31:02
741,,MO-LO-0409,ElectroMart Solutions,75,ordered,132450,2026-02-26,,2026-02-14 13:00:48
742,,PO-ON-0741,SmartLife Traders,123,delivered,52644,2026-01-19,2026-01-19,2026-01-09 20:26:51
743,,WE-RA-0039,Visionary Electronics,25,delivered,118125,2024-08-23,2024-08-23,2024-08-16 03:14:43
744,,SM-MO-0630,ElectroMart Solutions,15,delivered,236160,2025-06-02,2025-06-05,2025-05-23 12:21:13
745,,LA-RA-0541,TechWorld Pvt Ltd,75,in_transit,8539650,2024-12-28,,2024-12-18 17:15:36
746,,RO-AS-0093,Peripheral Pros,69,delivered,408204,2024-05-09,2024-05-09,2024-04-28 15:40:01
747,,CA-AN-0754,ReadMore Supplies,94,delayed,60818,2024-10-26,,2024-10-20 03:41:10
748,,TA-RE-0102,MobileMart Pvt Ltd,94,shipped,4677816,2024-09-16,,2024-09-02 22:02:01
749,,CA-SO-0414,SmartLife Traders,117,in_transit,3327012,2025-07-30,,2025-07-25 22:48:31
750,,GA-MI-0553,SmartLife Traders,18,in_transit,288000,2025-09-21,,2025-09-15 17:46:07
751,,LA-HP-0589,SmartLife Traders,34,in_transit,4565452,2024-04-08,,2024-04-02 18:01:13
752,,HE-BE-0772,Peripheral Pros,179,delivered,2982319,2024-04-08,2024-04-06,2024-03-25 16:16:27
753,,EA-AN-0115,SmartGear Traders,107,draft,246207,2025-10-25,,2025-10-15 06:58:21
754,,RO-AS-0694,ConnectPro Supplies,72,delivered,476928,2025-04-30,2025-05-01,2025-04-21 07:39:50
755,,CA-SO-0455,SoundPro Solutions,151,in_transit,14049493,2024-06-06,,2024-05-27 19:32:17
756,,LA-DE-0299,PrintWorks Pvt Ltd,36,ordered,4458420,2024-08-17,,2024-08-03 19:21:43
757,,KE-ST-0437,TechNova Pvt Ltd,13,delivered,105599,2024-03-05,2024-03-06,2024-02-20 15:20:37
758,,RO-NE-0461,AudioMax Distributors,101,ordered,534694,2025-07-29,,2025-07-14 04:18:56
759,,GA-NI-0644,Visionary Electronics,108,delivered,4034016,2025-07-12,2025-07-11,2025-07-07 00:40:39
760,,CA-SO-0018,ConnectPro Supplies,100,delivered,7488500,2025-08-10,2025-08-13,2025-07-30 08:24:30
761,,LA-DE-0089,Peripheral Pros,69,delivered,3549084,2025-12-03,2025-12-02,2025-11-18 18:19:10
762,,SM-AP-0729,ConnectPro Supplies,70,draft,1221150,2025-06-30,,2025-06-21 02:47:40
763,,MO-RA-0359,CameraKing Distributors,156,delivered,335712,2025-09-04,2025-09-05,2025-08-24 00:05:04
764,,CA-AN-0686,ElectroMart Solutions,22,in_transit,11594,2025-10-27,,2025-10-15 04:43:06
765,,PO-AN-0658,GameZone Distributors,88,in_transit,125048,2025-09-12,,2025-09-07 06:32:04
766,,SM-GA-0223,SmartLife Traders,42,delivered,322518,2025-05-31,2025-06-02,2025-05-17 14:11:12
767,,ME-KI-0747,DigiHub Electronics,135,shipped,158490,2024-01-28,,2024-01-23 17:44:07
768,,TV-TC-0027,GadgetHub India,72,shipped,8094528,2025-09-11,,2025-08-29 06:07:05
769,,LA-MI-0171,SoundPro Solutions,53,delivered,5939392,2026-02-23,2026-02-21,2026-02-12 13:31:32
770,,TV-LG-0088,Elite Tech Supplies,12,delivered,884220,2024-07-15,2024-07-19,2024-07-08 16:30:15
771,,SP-SO-0217,MobileMart Pvt Ltd,34,in_transit,856902,2024-12-25,,2024-12-12 18:29:18
772,,CA-PA-0744,CameraKing Distributors,150,ordered,2868600,2024-08-15,,2024-08-10 04:44:24
773,,KE-ST-0668,PrintWorks Pvt Ltd,127,delivered,650621,2024-07-21,2024-07-21,2024-07-13 12:07:14
774,,KE-ST-0474,ElectroMart Solutions,153,ordered,777240,2025-12-31,,2025-12-24 08:52:06
775,,KE-CO-0023,SmartGear Traders,13,shipped,47853,2024-03-29,,2024-03-16 01:28:39
776,,KE-LO-0488,DigiHub Electronics,133,in_transit,354179,2025-08-11,,2025-08-05 15:37:04
777,,LA-RA-0231,MobileMart Pvt Ltd,86,in_transit,6368988,2024-11-05,,2024-10-30 04:13:17
778,,RO-NE-0461,AudioMax Distributors,81,delivered,428814,2024-07-22,2024-07-25,2024-07-07 23:17:44
779,,EA-AN-0351,Visionary Electronics,124,delivered,1858140,2024-03-10,2024-03-09,2024-03-01 17:20:07
780,,KE-DU-0312,VisionTech Supplies,122,delivered,492270,2025-03-18,2025-03-20,2025-03-07 08:22:41
781,,CA-GO-0241,ConnectPro Supplies,70,in_transit,7835380,2025-12-18,,2025-12-13 19:36:36
782,,MO-HP-0161,SoundPro Solutions,122,delivered,757010,2024-03-28,2024-03-31,2024-03-14 10:01:18
783,,RO-AS-0117,Visionary Electronics,25,delivered,199300,2025-05-06,2025-05-10,2025-04-24 18:11:50
784,,CA-BO-0127,SoundPro Solutions,81,shipped,21465,2024-02-27,,2024-02-14 02:24:59
785,,SM-GA-0779,ElectroMart Solutions,175,shipped,1199800,2025-02-02,,2025-01-25 04:56:26
786,,HE-SK-0331,DigiHub Electronics,127,in_transit,1534541,2024-02-22,,2024-02-14 02:42:10
787,,SM-FI-0216,CameraKing Distributors,169,delayed,5092815,2025-08-26,,2025-08-20 19:00:43
788,,RO-CI-0157,GadgetHub India,180,shipped,1092960,2024-07-29,,2024-07-16 12:15:00
789,,PR-HP-0391,SmartGear Traders,130,delivered,4124250,2025-06-11,2025-06-11,2025-05-31 02:36:28
790,,CA-UG-0450,MobileMart Pvt Ltd,114,in_transit,118218,2025-02-24,,2025-02-09 04:18:01
791,,SM-SA-0511,AudioMax Distributors,12,delivered,480060,2024-08-29,2024-08-29,2024-08-20 15:18:43
792,,ME-SO-0710,GadgetHub India,112,shipped,142800,2024-08-31,,2024-08-23 22:34:39
793,,MO-MI-0436,Peripheral Pros,61,delivered,124501,2024-09-22,2024-09-25,2024-09-15 13:12:15
794,,MO-CO-0208,GadgetHub India,108,shipped,34776,2024-08-15,,2024-08-07 02:35:48
795,,CA-BE-0367,PrintWorks Pvt Ltd,85,shipped,42670,2025-11-18,,2025-11-05 04:20:57
796,,PO-AN-0257,SmartLife Traders,42,delivered,29736,2025-01-13,2025-01-11,2025-01-05 23:04:44
797,,HE-SK-0678,SmartGear Traders,184,in_transit,2000448,2024-02-28,,2024-02-13 12:57:15
798,,HE-BE-0167,TechWorld Pvt Ltd,86,in_transit,1431986,2025-01-08,,2024-12-25 04:30:44
799,,SM-AM-0667,VisionTech Supplies,110,shipped,632940,2024-03-03,,2024-02-26 01:52:20
800,,CA-ON-0197,TechWorld Pvt Ltd,193,in_transit,180069,2024-09-16,,2024-09-06 18:50:43
801,,TV-LG-0636,GadgetHub India,89,ordered,1548155,2024-06-03,,2024-05-19 22:23:11
802,,TV-PA-0460,SmartLife Traders,98,ordered,2367778,2024-05-13,,2024-05-08 20:51:44
803,,TA-RE-0619,MobileMart Pvt Ltd,61,delivered,2166476,2025-06-10,2025-06-11,2025-06-04 09:52:48
804,,LA-MI-0616,SmartLife Traders,79,delivered,1989062,2025-03-13,2025-03-13,2025-02-27 23:25:05
805,,MO-DE-0443,PrintWorks Pvt Ltd,28,delayed,1268120,2025-09-20,,2025-09-05 12:22:40
806,,MO-DE-0135,SmartLife Traders,91,delivered,426608,2025-12-14,2025-12-18,2025-12-08 23:26:25
807,,CA-BE-0539,ElectroMart Solutions,112,ordered,72576,2025-01-04,,2024-12-30 00:10:07
808,,TA-AP-0005,Elite Tech Supplies,200,in_transit,4416000,2025-07-15,,2025-07-05 23:44:00
809,,HE-JB-0003,SmartGear Traders,121,delivered,769802,2025-12-24,2025-12-24,2025-12-10 02:21:56
810,,WE-HP-0664,TechNova Pvt Ltd,82,ordered,196144,2024-05-28,,2024-05-19 08:24:40
811,,WE-CR-0472,DigiHub Electronics,32,in_transit,49056,2024-08-30,,2024-08-25 14:43:53
812,,SM-OP-0733,SmartLife Traders,15,shipped,1040790,2024-12-23,,2024-12-09 11:35:38
813,,PR-BR-0718,Elite Tech Supplies,107,in_transit,3536885,2025-01-13,,2025-01-06 23:29:13
814,,SM-AP-0760,Peripheral Pros,171,shipped,6124023,2025-10-30,,2025-10-20 13:28:10
815,,CA-SO-0529,VisionTech Supplies,158,delivered,7594902,2025-01-19,2025-01-23,2025-01-04 23:10:06
816,,TA-XI-0184,SmartLife Traders,154,shipped,6746586,2024-10-29,,2024-10-22 12:30:41
817,,CA-PA-0307,PrintWorks Pvt Ltd,116,in_transit,10657500,2025-10-27,,2025-10-13 05:14:47
818,,EA-SA-0206,DigiHub Electronics,81,in_transit,1153440,2025-01-01,,2024-12-17 22:39:02
819,,GA-SO-0033,VisionTech Supplies,66,in_transit,1763256,2025-03-02,,2025-02-25 11:47:48
820,,CH-ON-0434,SmartGear Traders,70,in_transit,77630,2024-07-06,,2024-06-29 08:51:53
821,,PO-SA-0379,SmartGear Traders,168,delayed,550704,2024-09-15,,2024-09-06 22:00:14
822,,TA-RE-0344,Visionary Electronics,22,delivered,450362,2025-04-17,2025-04-22,2025-04-08 03:23:09
823,,MO-BE-0525,SoundPro Solutions,19,delayed,549841,2025-04-15,,2025-03-31 09:21:21
824,,TV-TC-0356,PrintWorks Pvt Ltd,73,in_transit,6341656,2024-06-08,,2024-05-30 10:56:31
825,,KE-DU-0544,ElectroMart Solutions,10,shipped,59540,2025-02-28,,2025-02-14 22:58:50
826,,PO-AM-0690,MobileMart Pvt Ltd,80,shipped,115440,2024-06-11,,2024-06-02 20:53:51
827,,PO-AN-0791,Elite Tech Supplies,39,delayed,66846,2025-04-10,,2025-04-05 23:44:36
828,,SM-GA-0232,Visionary Electronics,110,delivered,3319910,2024-04-22,2024-04-23,2024-04-16 02:58:33
829,,ME-KI-0480,SmartGear Traders,35,shipped,91175,2024-08-14,,2024-08-08 21:56:45
830,,TA-SA-0792,ConnectPro Supplies,160,delivered,3071520,2024-04-24,2024-04-27,2024-04-13 10:55:25
831,,CH-RE-0751,GameZone Distributors,85,delivered,106590,2024-03-18,2024-03-19,2024-03-05 07:54:01
832,,SP-UL-0761,TechNova Pvt Ltd,60,in_transit,261060,2025-12-26,,2025-12-19 18:46:37
833,,MO-HP-0376,Peripheral Pros,137,ordered,3643789,2025-09-16,,2025-09-10 03:06:21
834,,GA-MI-0053,Peripheral Pros,90,draft,2094930,2024-11-09,,2024-10-29 00:35:02
835,,TV-XI-0318,ElectroMart Solutions,156,in_transit,11774880,2024-08-07,,2024-08-01 02:57:46
836,,MO-MI-0374,VisionTech Supplies,119,shipped,558229,2024-05-12,,2024-05-01 01:33:29
837,,EA-BO-0225,ReadMore Supplies,73,in_transit,1268959,2025-03-31,,2025-03-21 12:23:38
838,,MO-HP-0466,ElectroMart Solutions,76,in_transit,163856,2026-02-25,,2026-02-10 17:07:33
839,,TV-ON-0449,Elite Tech Supplies,19,in_transit,872936,2025-08-19,,2025-08-11 10:59:13
840,,HE-BE-0415,PowerTech Distributors,155,delivered,2184725,2024-04-10,2024-04-14,2024-03-26 22:28:52
841,,CA-FU-0728,SmartGear Traders,66,delayed,4366626,2025-01-20,,2025-01-07 00:45:54
842,,SM-ON-0576,GadgetHub India,96,shipped,1007040,2025-07-28,,2025-07-16 20:20:50
843,,ME-KI-0582,ConnectPro Supplies,20,delayed,35120,2025-07-03,,2025-06-22 04:35:31
844,,RO-NE-0238,PowerTech Distributors,30,ordered,245520,2024-05-31,,2024-05-22 20:27:12
845,,PO-AM-0277,Visionary Electronics,116,in_transit,127368,2024-02-04,,2024-01-23 04:23:45
846,,CA-SO-0731,SoundPro Solutions,97,delivered,3122527,2025-12-21,2025-12-25,2025-12-15 12:27:57
847,,KE-ST-0766,VisionTech Supplies,124,delivered,81220,2024-06-02,2024-06-06,2024-05-22 11:58:08
848,,GA-NI-0320,ElectroMart Solutions,59,delivered,1067133,2025-06-13,2025-06-14,2025-05-31 22:35:23
849,,ME-SO-0410,PowerTech Distributors,129,shipped,592626,2025-09-01,,2025-08-17 03:15:27
850,,CA-NI-0569,Peripheral Pros,21,delivered,1417143,2024-08-27,2024-09-01,2024-08-19 19:53:35
851,,CH-AN-0229,SmartLife Traders,110,in_transit,81070,2024-05-15,,2024-05-08 03:36:47
852,,RO-CI-0013,MobileMart Pvt Ltd,14,draft,54320,2025-07-05,,2025-06-27 21:14:37
853,,KE-KE-0787,CameraKing Distributors,132,shipped,1155396,2025-11-23,,2025-11-16 20:18:19
854,,TV-LG-0088,Elite Tech Supplies,24,delivered,1768440,2024-06-11,2024-06-09,2024-06-06 17:56:48
855,,PR-XE-0291,TechNova Pvt Ltd,197,delivered,5797907,2024-12-09,2024-12-07,2024-11-30 08:33:23
856,,CA-BE-0578,Elite Tech Supplies,112,shipped,93072,2024-02-17,,2024-02-03 11:44:48
857,,TV-TC-0325,PrintWorks Pvt Ltd,156,in_transit,6843720,2026-02-04,,2026-01-21 06:11:39
858,,MO-SA-0201,PowerTech Distributors,42,shipped,422940,2024-02-04,,2024-01-26 23:10:51
859,,KE-LO-0364,TechWorld Pvt Ltd,12,ordered,60996,2024-01-18,,2024-01-03 20:41:15
860,,CA-UG-0585,CameraKing Distributors,175,delivered,92400,2024-06-05,2024-06-07,2024-05-22 11:42:24
861,,GA-NI-0644,Visionary Electronics,24,in_transit,896448,2026-01-24,,2026-01-13 19:41:50
862,,TA-MI-0521,ConnectPro Supplies,53,delivered,937517,2024-03-07,2024-03-11,2024-02-21 15:20:04
863,,SM-BO-0103,TechWorld Pvt Ltd,56,draft,898184,2024-01-10,,2024-01-01 01:47:04
864,,HE-AU-0008,TechWorld Pvt Ltd,56,in_transit,502264,2024-03-12,,2024-02-28 04:25:37
865,,TA-AP-0005,Elite Tech Supplies,28,delivered,618240,2025-01-02,2025-01-05,2024-12-22 08:50:12
866,,SM-XI-0377,GadgetHub India,93,delivered,5574978,2025-01-31,2025-02-05,2025-01-21 05:17:45
867,,RO-AS-0093,Peripheral Pros,86,ordered,508776,2025-06-15,,2025-06-01 10:26:20
868,,ME-SO-0074,PowerTech Distributors,79,delivered,369957,2025-01-15,2025-01-13,2024-12-31 22:54:22
869,,TV-ON-0433,Elite Tech Supplies,171,delivered,22681953,2025-07-07,2025-07-09,2025-06-24 18:52:26
870,,CA-SO-0362,VisionTech Supplies,198,delivered,10662102,2024-03-29,2024-03-30,2024-03-23 13:16:37
871,,TV-PA-0752,GadgetHub India,75,in_transit,5396025,2025-07-09,,2025-07-01 10:50:35
872,,HE-JB-0795,Visionary Electronics,118,shipped,2623258,2024-08-21,,2024-08-14 18:21:04
873,,CA-BO-0084,Peripheral Pros,128,delayed,26240,2025-03-06,,2025-02-26 05:25:26
874,,PO-AM-0459,GameZone Distributors,42,delivered,76818,2025-07-11,2025-07-11,2025-06-29 18:20:18
875,,CA-BO-0400,PrintWorks Pvt Ltd,83,delivered,12450,2024-09-13,2024-09-13,2024-09-03 16:21:56
876,,SM-AP-0150,AudioMax Distributors,10,delivered,354690,2024-02-18,2024-02-18,2024-02-07 17:46:50
877,,WE-HP-0360,MobileMart Pvt Ltd,77,shipped,626395,2024-02-06,,2024-01-28 16:10:38
878,,CA-CA-0534,GadgetHub India,132,delivered,7035864,2024-07-12,2024-07-13,2024-06-27 11:13:55
879,,KE-LO-0364,TechWorld Pvt Ltd,162,delivered,823446,2025-01-24,2025-01-27,2025-01-19 13:24:49
880,,PO-MI-0158,Peripheral Pros,126,in_transit,108486,2024-12-27,,2024-12-17 05:46:58
881,,CA-SO-0428,GadgetHub India,128,delivered,8976512,2025-07-27,2025-07-28,2025-07-19 09:39:39
882,,TA-MI-0762,SoundPro Solutions,54,delayed,1896480,2024-12-12,,2024-12-01 10:23:57
883,,PR-BR-0051,TechNova Pvt Ltd,123,delivered,3440679,2025-12-09,2025-12-11,2025-12-04 14:41:14
884,,KE-HP-0481,SmartLife Traders,138,ordered,438150,2024-12-13,,2024-12-07 23:48:41
885,,SM-GA-0779,ElectroMart Solutions,138,delivered,946128,2024-10-22,2024-10-26,2024-10-14 14:12:47
886,,GA-SO-0473,GadgetHub India,51,shipped,1698402,2024-05-23,,2024-05-12 07:57:19
887,,WE-MI-0438,DigiHub Electronics,91,delivered,566475,2024-07-25,2024-07-27,2024-07-17 09:06:38
888,,RO-CI-0267,TechWorld Pvt Ltd,109,delivered,733461,2025-01-22,2025-01-22,2025-01-15 15:58:20
889,,KE-ST-0159,TechNova Pvt Ltd,53,delivered,551942,2025-05-21,2025-05-24,2025-05-06 00:57:28
890,,RO-AS-0694,ConnectPro Supplies,109,in_transit,722016,2025-12-21,,2025-12-10 18:00:00
891,,CA-ON-0122,GadgetHub India,163,shipped,59169,2025-07-10,,2025-06-26 20:23:49
892,,SP-BO-0468,PrintWorks Pvt Ltd,158,draft,1764228,2025-02-17,,2025-02-05 12:14:49
893,,RO-NE-0238,PowerTech Distributors,64,ordered,523776,2025-07-04,,2025-06-22 04:19:12
894,,EA-AN-0091,TechWorld Pvt Ltd,172,delivered,1051952,2025-12-09,2025-12-14,2025-11-25 07:09:32
895,,GA-NI-0320,ElectroMart Solutions,162,delivered,2930094,2024-05-26,2024-05-26,2024-05-16 00:11:34
896,,PO-SA-0379,SmartGear Traders,32,delayed,104896,2025-11-03,,2025-10-25 23:25:05
897,,PO-SA-0379,SmartGear Traders,104,in_transit,340912,2024-04-18,,2024-04-07 04:12:50
898,,CA-BO-0426,Peripheral Pros,13,delivered,7462,2024-11-18,2024-11-18,2024-11-05 08:37:52
899,,TA-RE-0619,MobileMart Pvt Ltd,163,in_transit,5789108,2025-11-15,,2025-11-04 13:54:14
900,,LA-MI-0126,TechWorld Pvt Ltd,51,delivered,7217418,2025-08-19,2025-08-17,2025-08-07 10:47:33
901,,SM-ON-0316,MobileMart Pvt Ltd,130,delivered,1026350,2024-07-14,2024-07-12,2024-07-02 16:20:23
902,,KE-ST-0159,TechNova Pvt Ltd,71,delivered,739394,2024-10-25,2024-10-28,2024-10-20 19:36:43
903,,ME-SA-0123,MobileMart Pvt Ltd,92,in_transit,516488,2025-10-23,,2025-10-14 05:47:58
904,,TA-AM-0170,TechWorld Pvt Ltd,173,in_transit,7773928,2024-11-06,,2024-10-25 07:50:57
905,,PR-EP-0479,TechWorld Pvt Ltd,96,delivered,1877760,2025-03-11,2025-03-12,2025-03-04 22:02:32
906,,SM-GO-0403,Peripheral Pros,200,delivered,13478600,2024-11-09,2024-11-14,2024-10-28 04:12:33
907,,CH-BE-0783,GameZone Distributors,16,delivered,4496,2025-08-12,2025-08-17,2025-08-04 03:04:53
908,,GA-NI-0416,SmartGear Traders,134,delivered,3059220,2025-03-02,2025-03-01,2025-02-23 13:58:18
909,,TV-TC-0706,Visionary Electronics,108,in_transit,3426624,2026-02-05,,2026-01-22 11:05:11
910,,HE-BE-0546,PowerTech Distributors,169,shipped,1212913,2025-03-26,,2025-03-20 08:12:43
911,,PO-AM-0459,GameZone Distributors,81,delivered,148149,2024-06-21,2024-06-26,2024-06-12 15:52:40
912,,SP-HA-0624,PrintWorks Pvt Ltd,19,in_transit,154128,2024-11-12,,2024-11-05 00:17:21
913,,CA-AM-0615,Peripheral Pros,35,in_transit,3430,2024-10-02,,2024-09-27 11:50:07
914,,KE-RA-0417,GadgetHub India,69,delayed,569043,2024-06-21,,2024-06-15 13:44:53
915,,MO-LO-0563,GameZone Distributors,13,ordered,46943,2025-03-10,,2025-03-01 10:43:57
916,,PR-XE-0709,AudioMax Distributors,186,draft,2782002,2024-06-27,,2024-06-19 01:38:45
917,,SM-BO-0103,TechWorld Pvt Ltd,195,shipped,3127605,2025-08-14,,2025-08-04 02:03:29
918,,CA-ON-0584,GameZone Distributors,60,delivered,17880,2024-07-10,2024-07-11,2024-06-26 12:52:40
919,,RO-CI-0157,GadgetHub India,113,ordered,686136,2024-09-24,,2024-09-16 03:27:01
920,,PR-EP-0653,PowerTech Distributors,83,in_transit,2709286,2024-06-08,,2024-05-28 11:11:42
921,,MO-HP-0044,ReadMore Supplies,17,ordered,32419,2024-06-03,,2024-05-27 07:52:15
922,,TA-MI-0521,ConnectPro Supplies,115,ordered,2034235,2025-09-25,,2025-09-14 11:52:12
923,,CH-AN-0191,TechWorld Pvt Ltd,58,shipped,116870,2025-03-20,,2025-03-12 22:52:59
924,,GA-SO-0763,ConnectPro Supplies,165,delayed,4876245,2024-06-16,,2024-06-04 12:06:06
925,,PR-EP-0653,PowerTech Distributors,191,in_transit,6234622,2025-04-14,,2025-04-05 04:57:59
926,,LA-LE-0784,GameZone Distributors,85,delivered,4696165,2026-03-05,2026-03-05,2026-02-21 11:22:25
927,,LA-LE-0396,PrintWorks Pvt Ltd,66,draft,1741410,2024-10-01,,2024-09-24 10:40:00
928,,WE-HP-0446,PowerTech Distributors,116,shipped,1100956,2025-02-22,,2025-02-09 01:30:31
929,,SM-SA-0543,PrintWorks Pvt Ltd,125,in_transit,3811875,2025-06-25,,2025-06-14 17:27:31
930,,ME-SO-0041,ConnectPro Supplies,108,shipped,348516,2025-05-10,,2025-04-29 13:07:29
931,,MO-DE-0063,Visionary Electronics,105,delivered,80640,2025-10-31,2025-11-01,2025-10-16 23:14:42
932,,CA-SO-0455,SoundPro Solutions,93,draft,8652999,2026-02-14,,2026-01-30 22:16:20
933,,PR-BR-0130,TechNova Pvt Ltd,185,shipped,3571055,2024-09-27,,2024-09-21 16:08:01
934,,PR-XE-0567,GameZone Distributors,19,delivered,248558,2024-10-26,2024-10-28,2024-10-17 13:09:56
935,,TV-LG-0636,GadgetHub India,172,delivered,2991940,2025-08-21,2025-08-23,2025-08-07 23:02:45
936,,RO-D--0266,Visionary Electronics,74,delivered,56832,2026-01-06,2026-01-05,2026-01-01 00:15:03
937,,SP-BO-0468,PrintWorks Pvt Ltd,33,delivered,368478,2025-07-09,2025-07-11,2025-06-24 00:40:20
938,,MO-RA-0030,SmartLife Traders,74,draft,51208,2025-01-29,,2025-01-16 07:59:52
939,,PR-CA-0743,Peripheral Pros,58,shipped,1303318,2025-07-28,,2025-07-14 04:48:53
940,,CA-GO-0241,ConnectPro Supplies,155,delivered,17349770,2025-10-10,2025-10-10,2025-10-04 20:16:36
941,,EA-AP-0148,PowerTech Distributors,157,in_transit,1201992,2024-04-20,,2024-04-12 12:17:30
942,,GA-SO-0538,ConnectPro Supplies,148,in_transit,6049796,2024-12-12,,2024-12-02 16:09:32
943,,CA-AM-0590,CameraKing Distributors,63,shipped,36162,2025-02-25,,2025-02-16 09:31:37
944,,KE-DU-0544,ElectroMart Solutions,178,draft,1059812,2025-03-20,,2025-03-05 22:49:57
945,,ME-KI-0302,Visionary Electronics,19,delivered,66918,2024-03-28,2024-03-30,2024-03-15 21:03:34
946,,ME-SA-0607,AudioMax Distributors,21,delayed,89124,2024-09-11,,2024-09-03 16:09:32
947,,WE-CR-0275,SoundPro Solutions,181,delivered,222087,2025-02-22,2025-02-26,2025-02-08 18:44:12
948,,SM-ON-0316,MobileMart Pvt Ltd,151,delivered,1192145,2026-01-28,2026-01-26,2026-01-20 22:27:13
949,,KE-RA-0575,ReadMore Supplies,43,in_transit,411596,2025-11-08,,2025-10-24 07:44:05
950,,CA-CA-0019,Visionary Electronics,178,delivered,12613614,2025-01-07,2025-01-05,2025-01-02 04:24:48
951,,PO-SY-0287,Peripheral Pros,17,shipped,8092,2025-08-29,,2025-08-24 03:54:18
952,,PO-SA-0194,ElectroMart Solutions,57,in_transit,138453,2024-04-07,,2024-03-23 12:44:24
953,,EA-SO-0326,PrintWorks Pvt Ltd,172,delivered,2743744,2024-08-07,2024-08-10,2024-07-30 10:24:04
954,,CA-UG-0585,CameraKing Distributors,82,in_transit,43296,2024-07-23,,2024-07-17 20:33:57
955,,MO-DE-0681,ElectroMart Solutions,78,in_transit,1833546,2024-11-20,,2024-11-09 20:53:35
956,,GA-MI-0617,ElectroMart Solutions,198,delivered,7887726,2025-02-26,2025-03-01,2025-02-11 09:23:41
957,,TV-SA-0035,SmartGear Traders,37,in_transit,709142,2025-11-24,,2025-11-09 10:46:32
958,,PR-XE-0350,DigiHub Electronics,18,in_transit,556020,2024-03-09,,2024-02-29 18:59:29
959,,CA-GO-0241,ConnectPro Supplies,17,delayed,1902878,2024-05-29,,2024-05-16 05:47:50
960,,LA-RA-0382,DigiHub Electronics,89,draft,6589026,2024-05-06,,2024-04-28 00:28:23
961,,LA-HP-0589,SmartLife Traders,179,delivered,24035762,2026-02-12,2026-02-10,2026-02-06 09:05:39
962,,CH-BO-0532,VisionTech Supplies,71,shipped,72491,2024-10-03,,2024-09-19 13:48:30
963,,EA-AN-0387,GadgetHub India,194,ordered,2137298,2025-10-31,,2025-10-16 23:13:29
964,,PR-CA-0478,VisionTech Supplies,137,ordered,4168225,2024-10-01,,2024-09-16 16:42:10
965,,MO-MI-0436,Peripheral Pros,61,delivered,124501,2025-10-11,2025-10-15,2025-09-27 10:31:28
966,,WE-MI-0329,VisionTech Supplies,170,delivered,270980,2024-08-28,2024-08-26,2024-08-21 01:26:10
967,,LA-LE-0396,PrintWorks Pvt Ltd,10,delivered,263850,2025-03-26,2025-03-30,2025-03-15 08:03:45
968,,PO-ON-0540,GameZone Distributors,78,delivered,175032,2025-04-02,2025-04-04,2025-03-28 02:05:40
969,,WE-RA-0048,GadgetHub India,122,delivered,399916,2024-09-08,2024-09-11,2024-08-31 03:18:42
970,,PR-BR-0482,Elite Tech Supplies,72,in_transit,2639304,2024-11-10,,2024-10-28 03:05:33
971,,TV-TC-0588,ReadMore Supplies,51,delivered,1398573,2025-01-31,2025-01-30,2025-01-20 21:43:32
972,,GA-NI-0092,AudioMax Distributors,127,in_transit,4464685,2024-05-17,,2024-05-07 01:12:22
973,,SM-FI-0423,AudioMax Distributors,152,delivered,3166312,2024-08-13,2024-08-15,2024-08-04 22:33:47
974,,TV-PA-0752,GadgetHub India,150,delivered,10792050,2024-10-07,2024-10-06,2024-09-28 08:53:52
975,,WE-RA-0363,TechWorld Pvt Ltd,110,delayed,1023770,2025-10-08,,2025-09-27 21:11:30
976,,SM-ON-0797,TechWorld Pvt Ltd,155,in_transit,2519525,2024-07-07,,2024-06-28 21:32:27
977,,TV-XI-0603,ConnectPro Supplies,87,delivered,10254342,2025-01-25,2025-01-24,2025-01-17 12:03:16
978,,PO-ON-0540,GameZone Distributors,58,ordered,130152,2024-06-21,,2024-06-13 18:10:57
979,,TA-RE-0502,ReadMore Supplies,143,in_transit,7259252,2024-10-22,,2024-10-10 20:57:18
980,,TA-AP-0721,MobileMart Pvt Ltd,142,ordered,2787886,2024-01-13,,2024-01-06 05:45:39
981,,WE-HP-0073,Visionary Electronics,19,shipped,44574,2024-08-17,,2024-08-10 04:39:11
982,,SM-ON-0797,TechWorld Pvt Ltd,27,ordered,438885,2024-04-08,,2024-04-03 15:29:36
983,,MO-MI-0680,GameZone Distributors,131,delivered,653559,2024-04-10,2024-04-13,2024-04-01 01:48:09
984,,SM-AP-0094,TechNova Pvt Ltd,104,in_transit,1043848,2024-08-08,,2024-07-25 18:29:31
985,,KE-DU-0121,Visionary Electronics,183,delivered,1252086,2024-07-26,2024-07-24,2024-07-11 11:19:33
986,,CA-SO-0571,GameZone Distributors,115,in_transit,9724055,2024-08-25,,2024-08-17 12:20:44
987,,MO-LO-0006,GameZone Distributors,76,in_transit,78280,2024-12-08,,2024-11-24 13:42:16
988,,SM-GO-0608,CameraKing Distributors,179,delivered,4125950,2025-07-01,2025-07-05,2025-06-18 16:17:07
989,,GA-MI-0553,SmartLife Traders,33,delivered,528000,2026-02-07,2026-02-11,2026-02-01 23:15:44
990,,CA-PA-0744,CameraKing Distributors,101,shipped,1931524,2024-04-17,,2024-04-04 19:51:41
991,,PR-BR-0427,MobileMart Pvt Ltd,47,delivered,505814,2025-04-19,2025-04-19,2025-04-12 20:08:01
992,,RO-NE-0349,PrintWorks Pvt Ltd,19,delivered,162488,2024-04-24,2024-04-29,2024-04-11 14:32:43
993,,ME-KI-0747,DigiHub Electronics,177,delivered,207798,2025-03-24,2025-03-29,2025-03-09 19:20:20
994,,CH-BO-0185,SmartLife Traders,135,ordered,247860,2025-03-15,,2025-03-06 10:35:22
995,,SM-SA-0543,PrintWorks Pvt Ltd,85,delivered,2592075,2024-09-08,2024-09-07,2024-08-27 05:38:43
996,,KE-RA-0646,AudioMax Distributors,159,delivered,514365,2024-08-12,2024-08-12,2024-08-01 17:35:44
997,,SP-HA-0226,ConnectPro Supplies,166,in_transit,553942,2025-02-20,,2025-02-05 16:09:58
998,,RO-AS-0117,Visionary Electronics,109,in_transit,868948,2025-10-17,,2025-10-09 16:19:44
999,,EA-AN-0091,TechWorld Pvt Ltd,42,delivered,256872,2024-07-10,2024-07-15,2024-06-26 06:08:40
1000,,HE-SE-0358,ReadMore Supplies,17,delivered,121142,2024-11-22,2024-11-27,2024-11-10 12:57:33
